number,Date,1 yr,30YR,SPREAD,SP500,GOLD,OIL,CHHUSD,JPYUSD,y
0,1977/3/1,5.5,7.8,2.3,0,148.34,0,2.55,280.23,0
0.02,1977/4/1,5.44,7.73,2.29,0,149.18,0,2.53,275.21,0.001999999
0.04,1977/5/1,5.84,7.8,1.95,0,146.54,0,2.52,277.43,0.003999989
0.06,1977/6/1,5.8,7.64,1.84,0,140.83,0,2.49,272.86,0.005999964
0.08,1977/7/1,5.94,7.64,1.71,0,143.4,0,2.41,264.86,0.007999915
0.1,1977/8/1,6.37,7.68,1.31,0,145.01,0,2.41,266.68,0.009999833
0.12,1977/9/1,6.53,7.64,1.12,0,149.33,0,2.37,266.77,0.011999712
0.14,1977/10/1,6.97,7.77,0.81,0,158.85,0,2.28,254.74,0.013999543
0.16,1977/11/1,6.95,7.85,0.89,0,162.13,0,2.2,244.7,0.015999317
0.18,1977/12/1,6.96,7.94,0.98,0,160.48,0,2.08,241.02,0.017999028
0.2,1978/1/1,7.28,8.18,0.9,0,173.21,0,1.99,241.08,0.019998667
0.22,1978/2/1,7.34,8.25,0.92,0,178.36,0,1.91,240.37,0.021998225
0.24,1978/3/1,7.31,8.23,0.92,0,183.77,0,1.9,231.86,0.023997696
0.26,1978/4/1,7.45,8.34,0.89,0,175.32,0,1.91,221.86,0.025997071
0.28,1978/5/1,7.82,8.43,0.61,0,176.19,0,1.97,226.18,0.027996341
0.3,1978/6/1,8.09,8.5,0.41,0,183.76,0,1.89,214.11,0.0299955
0.32,1978/7/1,8.39,8.65,0.26,0,188.57,0,1.8,199.7,0.031994539
0.34,1978/8/1,8.31,8.47,0.16,0,206.45,0,1.67,188.71,0.03399345
0.36,1978/9/1,8.64,8.47,-0.17,0,212.21,0,1.57,189.92,0.035992225
0.38,1978/10/1,9.14,8.67,-0.47,0,227.43,0,1.54,183.63,0.037990855
0.4,1978/11/1,10.01,8.75,-1.26,0,207.08,0,1.67,192.14,0.039989334
0.42,1978/12/1,10.3,8.88,-1.41,0,207.89,0,1.68,195.96,0.041987653
0.44,1979/1/1,10.41,8.94,-1.48,0,226.99,0,1.67,197.76,0.043985804
0.46,1979/2/1,10.24,9,-1.24,0,245.59,0,1.68,200.51,0.045983779
0.48,1979/3/1,10.25,9.03,-1.22,0,242.35,0,1.68,206.32,0.04798157
0.5,1979/4/1,10.12,9.08,-1.04,0,239.17,0,1.72,216.29,0.049979169
0.52,1979/5/1,10.12,9.19,-0.92,0,257.74,0,1.73,218.41,0.051976569
0.54,1979/6/1,9.57,8.92,-0.65,0,279.36,0,1.7,218.6,0.05397376
0.56,1979/7/1,9.64,8.93,-0.71,0,295.01,0,1.65,216.51,0.055970735
0.58,1979/8/1,9.98,8.98,-1,0,300.79,0,1.66,217.93,0.057967487
0.6,1979/9/1,10.84,9.17,-1.68,0,354.5,0,1.61,222.41,0.059964006
0.62,1979/10/1,12.44,9.85,-2.6,0,390.96,0,1.63,230.48,0.061960286
0.64,1979/11/1,12.39,10.3,-2.09,0,391.52,0,1.64,244.98,0.063956318
0.66,1979/12/1,11.98,10.12,-1.86,0,463.67,0,1.6,240.37,0.065952094
0.68,1980/1/1,12.06,10.6,-1.46,0,674.58,0,1.6,237.89,0.067947607
0.7,1980/2/1,13.92,12.13,-1.79,0,665.89,0,1.64,244.35,0.069942847
0.72,1980/3/1,15.82,12.34,-3.48,0,554.28,0,1.76,248.48,0.071937808
0.74,1980/4/1,13.3,11.4,-1.9,0,516.71,0,1.76,250.28,0.073932481
0.76,1980/5/1,9.39,10.36,0.97,0,514.27,0,1.66,228.63,0.075926858
0.78,1980/6/1,8.16,9.81,1.66,0,600.79,0,1.63,217.92,0.077920932
0.8,1980/7/1,8.65,10.24,1.59,0,645.75,0,1.61,221.14,0.079914694
0.82,1980/8/1,10.24,11,0.76,0,626.36,0,1.65,223.91,0.081908136
0.84,1980/9/1,11.52,11.34,-0.18,0,673.94,0,1.64,214.42,0.083901251
0.86,1980/10/1,12.49,11.59,-0.9,0,662.27,0,1.66,209.32,0.08589403
0.88,1980/11/1,14.15,12.37,-1.78,0,623.88,0,1.73,213.11,0.087886465
0.9,1980/12/1,14.88,12.4,-2.49,0,596.71,0,1.79,209.49,0.089878549
0.92,1981/1/1,14.08,12.14,-1.94,0,557.81,0,1.82,202.37,0.091870274
0.94,1981/2/1,14.57,12.8,-1.77,0,500.8,0,1.94,205.72,0.09386163
0.96,1981/3/1,13.71,12.69,-1.03,0,499.69,0,1.92,208.79,0.095852612
0.98,1981/4/1,14.32,13.2,-1.13,0,496.63,0,1.97,214.98,0.09784321
1,1981/5/1,16.2,13.6,-2.59,0,480.32,0,2.07,220.63,0.099833417
1.02,1981/6/1,14.86,12.96,-1.9,0,460.5,0,2.07,224.18,0.101823224
1.04,1981/7/1,15.72,13.59,-2.13,0,409.28,0,2.1,232.33,0.103812624
1.06,1981/8/1,16.72,14.17,-2.55,0,410.24,0,2.17,233.33,0.105801609
1.08,1981/9/1,16.52,14.67,-1.86,0,443.77,0,2.02,229.48,0.10779017
1.1,1981/10/1,15.38,14.68,-0.7,0,437.68,0,1.88,231.52,0.109778301
1.12,1981/11/1,12.41,13.35,0.94,0,413.4,0,1.79,223.13,0.111765992
1.14,1981/12/1,12.85,13.45,0.6,0,410.12,0,1.82,218.95,0.113753236
1.16,1982/1/1,14.32,14.22,-0.09,0,384.16,0,1.84,224.81,0.115740026
1.18,1982/2/1,14.73,14.22,-0.51,0,374.46,0,1.89,235.31,0.117726352
1.2,1982/3/1,13.95,13.53,-0.42,0,329.98,0,1.89,241.23,0.119712207
1.22,1982/4/1,13.98,13.37,-0.61,0,350.34,0,1.96,244.11,0.121697584
1.24,1982/5/1,13.34,13.24,-0.1,0,334.51,0,1.95,236.96,0.123682474
1.26,1982/6/1,14.07,13.92,-0.14,0,314.96,0,2.08,251.2,0.125666869
1.28,1982/7/1,13.24,13.55,0.31,0,337.9,0,2.1,255.03,0.127650761
1.3,1982/8/1,11.43,12.77,1.34,0,363.41,0,2.11,259.05,0.129634143
1.32,1982/9/1,10.85,12.07,1.21,0,438.15,0,2.14,263.29,0.131617006
1.34,1982/10/1,9.32,11.17,1.85,0,422.79,0,2.17,271.62,0.133599343
1.36,1982/11/1,9.16,10.54,1.38,0,415.11,0,2.19,264.09,0.135581145
1.38,1982/12/1,8.91,10.54,1.63,0,444.78,0,2.05,241.94,0.137562405
1.4,1983/1/1,8.62,10.63,2.01,0,481.84,0,1.97,232.73,0.139543115
1.42,1983/2/1,8.92,10.88,1.96,0,493.49,0,2.02,236.12,0.141523266
1.44,1983/3/1,9.04,10.63,1.59,0,420.71,0,2.07,238.25,0.143502852
1.46,1983/4/1,8.98,10.48,1.5,0,433.17,0,2.06,237.75,0.145481863
1.48,1983/5/1,8.9,10.53,1.62,0,437.39,0,2.06,234.76,0.147460293
1.5,1983/6/1,9.66,10.93,1.28,0,413.15,0,2.11,240.03,0.149438132
1.52,1983/7/1,10.2,11.4,1.2,0,422.65,0,2.12,240.52,0.151415374
1.54,1983/8/1,10.53,11.82,1.29,0,416.2,0,2.16,244.46,0.153392011
1.56,1983/9/1,10.16,11.63,1.48,0,412.25,0,2.16,242.35,0.155368033
1.58,1983/10/1,9.81,11.58,1.77,0,394.25,0,2.11,232.89,0.157343435
1.6,1983/11/1,9.94,11.75,1.81,0,381.02,0,2.17,235.03,0.159318207
1.62,1983/12/1,10.11,11.88,1.77,0,388.06,0,2.2,234.46,0.161292341
1.64,1984/1/1,9.9,11.75,1.85,0,370.73,0,2.24,233.8,0.163265831
1.66,1984/2/1,10.04,11.95,1.91,0,386.04,0,2.21,233.6,0.165238667
1.68,1984/3/1,10.59,12.38,1.79,0,394.74,0,2.15,225.27,0.167210842
1.7,1984/4/1,10.9,12.65,1.75,0,381.37,0,2.19,225.2,0.169182349
1.72,1984/5/1,11.66,13.43,1.77,0,376.96,0,2.27,230.48,0.171153179
1.74,1984/6/1,12.08,13.44,1.36,0,378.31,0,2.28,233.57,0.173123324
1.76,1984/7/1,12.03,13.21,1.18,0,347.61,0,2.41,243.07,0.175092777
1.78,1984/8/1,11.82,12.54,0.72,0,347.68,0,2.41,242.26,0.177061529
1.8,1984/9/1,11.58,12.29,0.71,0,340.95,0,2.5,245.46,0.179029573
1.82,1984/10/1,10.9,11.98,1.09,0,340.22,0,2.52,246.75,0.180996901
1.84,1984/11/1,9.82,11.56,1.74,0,341.29,0,2.47,243.63,0.182963505
1.86,1984/12/1,9.33,11.52,2.18,0,319.62,0,2.56,247.96,0.184929378
1.88,1985/1/1,9.02,11.45,2.43,0,302.85,0,2.66,254.18,0.18689451
1.9,1985/2/1,9.29,11.47,2.18,0,300.33,0,2.8,260.48,0.188858895
1.92,1985/3/1,9.86,11.81,1.95,0,303.2,0,2.8,257.92,0.190822524
1.94,1985/4/1,9.14,11.47,2.33,0,324.88,0,2.59,251.85,0.192785391
1.96,1985/5/1,8.46,11.05,2.58,0,316.4,0,2.61,251.73,0.194747486
1.98,1985/6/1,7.8,10.45,2.64,0,316.3,0,2.57,248.84,0.196708802
2,1985/7/1,7.86,10.5,2.64,0,317.2,0,2.41,241.14,0.198669331
2.02,1985/8/1,8.05,10.56,2.51,0,330.13,0,2.3,237.46,0.200629065
2.04,1985/9/1,8.07,10.61,2.55,0,323.76,0,2.34,236.53,0.202587997
2.06,1985/10/1,8.01,10.5,2.49,0,326.09,0,2.17,214.68,0.204546119
2.08,1985/11/1,7.88,10.06,2.18,0,325.55,0,2.13,204.07,0.206503422
2.1,1985/12/1,7.67,9.54,1.86,0,321.99,0,2.1,202.79,0.2084599
2.12,1986/1/1,7.73,9.4,1.67,0,345.56,22.93,2.07,199.89,0.210415543
2.14,1986/2/1,7.61,8.93,1.32,0,339.05,15.46,1.95,184.85,0.212370345
2.16,1986/3/1,7.03,7.96,0.93,0,346.09,12.61,1.91,178.69,0.214324298
2.18,1986/4/1,6.44,7.39,0.95,0,340.72,12.84,1.9,175.09,0.216277393
2.2,1986/5/1,6.65,7.52,0.87,0,342.33,15.38,1.85,167.03,0.218229623
2.22,1986/6/1,6.73,7.57,0.84,250.84,342.8,13.43,1.84,167.54,0.22018098
2.24,1986/7/1,6.27,7.27,1.01,236.12,348.55,11.59,1.74,158.61,0.222131457
2.26,1986/8/1,5.93,7.33,1.39,252.93,376.29,15.1,1.66,154.18,0.224081045
2.28,1986/9/1,5.77,7.62,1.85,231.32,418.15,14.87,1.65,154.73,0.226029736
2.3,1986/10/1,5.72,7.7,1.97,243.98,423.86,14.9,1.64,156.47,0.227977524
2.32,1986/11/1,5.8,7.52,1.72,249.22,396.98,15.22,1.69,162.85,0.229924399
2.34,1986/12/1,5.87,7.37,1.5,242.17,391.6,16.11,1.66,162.05,0.231870355
2.36,1987/1/1,5.78,7.39,1.61,274.08,408.52,18.65,1.56,154.83,0.233815383
2.38,1987/2/1,5.96,7.54,1.58,284.2,401.05,17.75,1.54,153.41,0.235759476
2.4,1987/3/1,6.03,7.55,1.52,291.7,408.85,18.3,1.54,151.43,0.237702626
2.42,1987/4/1,6.5,8.25,1.75,288.36,439.67,18.68,1.5,142.9,0.239644826
2.44,1987/5/1,7,8.78,1.78,290.1,461.65,19.44,1.47,140.48,0.241586066
2.46,1987/6/1,6.8,8.57,1.77,304,449.28,20.07,1.51,144.55,0.243526341
2.48,1987/7/1,6.68,8.64,1.95,318.66,450.33,21.34,1.54,150.29,0.245465641
2.5,1987/8/1,7.03,8.97,1.94,329.8,460.99,20.31,1.54,147.33,0.247403959
2.52,1987/9/1,7.67,9.59,1.92,321.83,460.12,19.53,1.5,143.29,0.249341288
2.54,1987/10/1,7.59,9.61,2.02,251.79,465.76,19.86,1.49,143.32,0.251277619
2.56,1987/11/1,6.96,8.95,1.99,230.3,468.14,18.85,1.38,135.4,0.253212946
2.58,1987/12/1,7.17,9.12,1.95,247.08,487.08,17.28,1.33,128.24,0.255147259
2.6,1988/1/1,6.99,8.83,1.84,257.07,477.76,17.13,1.35,127.69,0.257080552
2.62,1988/2/1,6.64,8.43,1.79,267.82,442.12,16.8,1.39,129.17,0.259012816
2.64,1988/3/1,6.71,8.63,1.92,258.89,443.49,16.2,1.39,127.11,0.260944045
2.66,1988/4/1,7.01,8.95,1.94,261.33,451.56,17.86,1.38,124.9,0.26287423
2.68,1988/5/1,7.4,9.23,1.83,262.16,451.32,17.42,1.41,124.79,0.264803363
2.7,1988/6/1,7.49,9,1.51,273.5,451.66,16.53,1.46,127.47,0.266731437
2.72,1988/7/1,7.75,9.14,1.39,272.02,437.45,15.5,1.53,133.02,0.268658444
2.74,1988/8/1,8.17,9.32,1.15,261.52,431.06,15.52,1.58,133.77,0.270584376
2.76,1988/9/1,8.09,9.06,0.96,271.91,413.44,14.54,1.58,134.32,0.272509226
2.78,1988/10/1,8.11,8.89,0.79,278.97,406.39,13.77,1.54,128.68,0.274432986
2.8,1988/11/1,8.48,9.02,0.55,273.7,419.97,14.14,1.47,123.2,0.276355649
2.82,1988/12/1,8.99,9.01,0.01,277.72,419.25,16.38,1.48,123.61,0.278277205
2.84,1989/1/1,9.05,8.93,-0.12,297.47,404.45,18.02,1.56,127.36,0.280197649
2.86,1989/2/1,9.25,9.01,-0.24,288.86,387.97,17.94,1.57,127.74,0.282116972
2.88,1989/3/1,9.57,9.17,-0.4,294.87,390.27,19.48,1.61,130.55,0.284035167
2.9,1989/4/1,9.36,9.03,-0.34,309.64,384.72,21.07,1.65,132.04,0.285952225
2.92,1989/5/1,8.98,8.83,-0.15,320.52,371.35,20.12,1.73,137.86,0.28786814
2.94,1989/6/1,8.44,8.27,-0.17,317.98,367.73,20.05,1.71,143.98,0.289782903
2.96,1989/7/1,7.89,8.08,0.18,346.08,375.21,19.78,1.63,140.42,0.291696507
2.98,1989/8/1,8.18,8.12,-0.06,351.45,365.55,18.58,1.66,141.49,0.293608944
3,1989/9/1,8.22,8.15,-0.07,349.15,361.8,19.59,1.69,145.07,0.295520207
3.02,1989/10/1,7.99,8,0.01,340.36,366.8,20.1,1.63,142.21,0.297430287
3.04,1989/11/1,7.77,7.9,0.13,345.99,394.36,19.86,1.62,143.53,0.299339178
3.06,1989/12/1,7.72,7.9,0.17,353.4,409.66,21.1,1.57,143.69,0.301246872
3.08,1990/1/1,7.92,8.26,0.34,329.08,410.12,22.86,1.52,144.98,0.30315336
3.1,1990/2/1,8.11,8.5,0.39,331.89,416.54,22.11,1.49,145.69,0.305058636
3.12,1990/3/1,8.35,8.56,0.21,339.94,393.66,20.39,1.51,153.31,0.306962692
3.14,1990/4/1,8.4,8.76,0.35,330.8,374.93,18.43,1.49,158.46,0.30886552
3.16,1990/5/1,8.32,8.73,0.41,361.23,368.85,18.2,1.42,154.04,0.310767113
3.18,1990/6/1,8.1,8.46,0.36,358.02,352.66,16.7,1.43,153.7,0.312667462
3.2,1990/7/1,7.94,8.5,0.56,356.15,361.82,18.45,1.39,149.04,0.314566561
3.22,1990/8/1,7.78,8.86,1.08,322.56,394.86,27.31,1.31,147.46,0.316464401
3.24,1990/9/1,7.76,9.03,1.27,306.05,389.56,33.51,1.31,138.44,0.318360976
3.26,1990/10/1,7.55,8.86,1.31,304,381.33,36.04,1.28,129.59,0.320256277
3.28,1990/11/1,7.31,8.54,1.23,322.22,381.87,32.33,1.26,129.22,0.322150297
3.3,1990/12/1,7.05,8.24,1.19,330.22,378.16,27.28,1.28,133.89,0.324043028
3.32,1991/1/1,6.64,8.27,1.63,343.93,384.59,25.23,1.27,133.7,0.325934464
3.34,1991/2/1,6.27,8.03,1.77,367.07,363.75,20.48,1.27,130.54,0.327824595
3.36,1991/3/1,6.4,8.29,1.89,375.22,363.39,19.9,1.39,137.39,0.329713416
3.38,1991/4/1,6.24,8.21,1.97,375.35,358.05,20.83,1.44,137.11,0.331600917
3.4,1991/5/1,6.13,8.27,2.14,389.83,357.12,21.23,1.46,138.22,0.333487092
3.42,1991/6/1,6.36,8.47,2.11,371.16,366.36,20.19,1.53,139.75,0.335371933
3.44,1991/7/1,6.31,8.45,2.15,387.81,368.01,21.4,1.55,137.83,0.337255433
3.46,1991/8/1,5.78,8.14,2.37,395.43,356.72,21.69,1.52,136.82,0.339137583
3.48,1991/9/1,5.57,7.95,2.38,387.86,348.46,21.89,1.48,134.3,0.341018377
3.5,1991/10/1,5.33,7.93,2.6,392.46,358.83,23.23,1.48,130.77,0.342897807
3.52,1991/11/1,4.89,7.92,3.03,375.22,359.96,22.46,1.43,129.63,0.344775866
3.54,1991/12/1,4.38,7.7,3.32,417.09,361.88,19.5,1.39,128.04,0.346652545
3.56,1992/1/1,4.15,7.58,3.43,408.79,354.44,18.79,1.4,125.46,0.348527838
3.58,1992/2/1,4.29,7.85,3.57,412.7,353.85,19.01,1.46,127.7,0.350401736
3.6,1992/3/1,4.63,7.97,3.34,403.69,344.64,18.92,1.51,132.86,0.352274233
3.62,1992/4/1,4.3,7.96,3.66,414.95,338.73,20.23,1.52,133.54,0.354145321
3.64,1992/5/1,4.19,7.89,3.7,415.35,337.04,20.98,1.49,130.77,0.356014992
3.66,1992/6/1,4.17,7.84,3.68,408.14,340.78,22.39,1.43,126.84,0.35788324
3.68,1992/7/1,3.6,7.6,4,424.21,352.45,21.78,1.33,125.88,0.359750055
3.7,1992/8/1,3.47,7.39,3.92,414.03,343.6,21.34,1.3,126.23,0.361615432
3.72,1992/9/1,3.18,7.34,4.16,417.8,345.3,21.88,1.28,122.6,0.363479362
3.74,1992/10/1,3.3,7.53,4.23,418.68,344.28,21.69,1.32,121.17,0.365341838
3.76,1992/11/1,3.68,7.61,3.92,431.35,334.92,20.34,1.43,123.88,0.367202853
3.78,1992/12/1,3.71,7.44,3.73,435.71,334.66,19.41,1.42,124.04,0.3690624
3.8,1993/1/1,3.5,7.34,3.85,438.78,328.99,19.03,1.48,124.99,0.370920469
3.82,1993/2/1,3.39,7.09,3.7,443.38,329.31,20.09,1.52,120.76,0.372777056
3.84,1993/3/1,3.33,6.82,3.49,451.67,329.97,20.32,1.52,117.02,0.374632151
3.86,1993/4/1,3.24,6.85,3.61,440.19,341.95,20.25,1.46,112.41,0.376485747
3.88,1993/5/1,3.36,6.92,3.56,450.19,367.04,19.95,1.45,110.34,0.378337838
3.9,1993/6/1,3.54,6.81,3.27,450.53,371.91,19.09,1.48,107.41,0.380188415
3.92,1993/7/1,3.47,6.63,3.15,448.13,392.03,17.89,1.51,107.69,0.382037472
3.94,1993/8/1,3.44,6.32,2.88,463.56,379.8,18.01,1.5,103.77,0.383885
3.96,1993/9/1,3.36,6,2.64,458.93,355.56,17.5,1.42,105.57,0.385730993
3.98,1993/10/1,3.39,5.94,2.55,467.83,364,18.15,1.44,107.02,0.387575443
4,1993/11/1,3.58,6.21,2.63,461.79,373.94,16.61,1.5,107.88,0.389418342
4.02,1993/12/1,3.61,6.25,2.64,466.45,383.24,14.52,1.46,109.91,0.391259684
4.04,1994/1/1,3.54,6.29,2.75,481.61,387.11,15.03,1.47,111.44,0.393099461
4.06,1994/2/1,3.87,6.49,2.62,467.14,381.66,14.78,1.46,106.3,0.394937666
4.08,1994/3/1,4.32,6.91,2.59,445.77,384,14.68,1.43,105.1,0.39677429
4.1,1994/4/1,4.82,7.27,2.45,450.91,377.91,16.42,1.44,103.48,0.398609328
4.12,1994/5/1,5.31,7.41,2.1,456.5,381.34,17.89,1.41,103.75,0.400442771
4.14,1994/6/1,5.27,7.4,2.13,444.27,385.71,19.06,1.37,102.53,0.402274613
4.16,1994/7/1,5.48,7.58,2.1,458.26,385.45,19.66,1.32,98.45,0.404104845
4.18,1994/8/1,5.56,7.49,1.92,475.49,380.21,18.38,1.32,99.94,0.405933461
4.2,1994/9/1,5.76,7.71,1.95,462.69,391.35,17.45,1.29,98.77,0.407760453
4.22,1994/10/1,6.11,7.94,1.82,472.35,390.16,17.72,1.26,98.35,0.409585814
4.24,1994/11/1,6.54,8.08,1.54,453.69,384.38,18.07,1.3,98.04,0.411409537
4.26,1994/12/1,7.14,7.87,0.74,459.27,379.48,17.16,1.33,100.18,0.413231614
4.28,1995/1/1,7.05,7.85,0.8,470.42,378.74,18.04,1.29,99.77,0.415052038
4.3,1995/2/1,6.7,7.61,0.91,487.39,376.75,18.57,1.27,98.24,0.416870802
4.32,1995/3/1,6.43,7.45,1.02,500.71,381.82,18.54,1.17,90.52,0.418687899
4.34,1995/4/1,6.27,7.36,1.09,514.71,391.34,19.9,1.14,83.69,0.420503321
4.36,1995/5/1,6,6.95,0.95,533.4,385.23,19.74,1.17,85.11,0.422317061
4.38,1995/6/1,5.64,6.57,0.93,544.75,387.62,18.45,1.16,84.64,0.424129111
4.4,1995/7/1,5.59,6.72,1.13,562.06,386.14,17.33,1.16,87.4,0.425939465
4.42,1995/8/1,5.75,6.86,1.11,561.88,383.5,18.02,1.2,94.74,0.427748115
4.44,1995/9/1,5.62,6.55,0.93,584.41,382.93,18.23,1.19,100.55,0.429555055
4.46,1995/10/1,5.59,6.37,0.78,581.5,383.2,17.43,1.15,100.84,0.431360276
4.48,1995/11/1,5.43,6.26,0.83,605.37,385.21,17.99,1.14,101.94,0.433163771
4.5,1995/12/1,5.31,6.06,0.76,615.93,387.44,19.03,1.16,101.85,0.434965534
4.52,1996/1/1,5.09,6.05,0.96,636.02,398.7,18.86,1.18,105.75,0.436765557
4.54,1996/2/1,4.94,6.24,1.3,640.43,404.92,19.09,1.2,105.79,0.438563833
4.56,1996/3/1,5.34,6.6,1.26,645.5,396.51,21.33,1.2,105.94,0.440360355
4.58,1996/4/1,5.54,6.79,1.26,654.17,392.87,23.5,1.22,107.2,0.442155115
4.6,1996/5/1,5.64,6.93,1.29,669.12,391.99,21.17,1.25,106.34,0.443948107
4.62,1996/6/1,5.81,7.06,1.25,670.63,385.25,20.42,1.26,108.96,0.445739323
4.64,1996/7/1,5.85,7.03,1.18,639.95,383.46,21.3,1.23,109.19,0.447528756
4.66,1996/8/1,5.67,6.84,1.18,651.99,387.51,21.9,1.2,107.87,0.449316399
4.68,1996/9/1,5.83,7.03,1.19,687.31,383.29,23.97,1.23,109.93,0.451102244
4.7,1996/10/1,5.55,6.81,1.26,705.27,380.91,24.88,1.26,112.41,0.452886285
4.72,1996/11/1,5.42,6.48,1.06,757.02,377.87,23.71,1.28,112.3,0.454668515
4.74,1996/12/1,5.47,6.55,1.08,740.74,369.34,25.23,1.33,113.98,0.456448926
4.76,1997/1/1,5.61,6.83,1.21,786.16,355.03,25.13,1.39,117.91,0.458227511
4.78,1997/2/1,5.53,6.69,1.16,790.82,346.4,22.18,1.45,122.96,0.460004263
4.8,1997/3/1,5.8,6.93,1.14,757.12,352.31,20.97,1.46,122.77,0.461779176
4.82,1997/4/1,5.99,7.09,1.1,801.34,344.71,19.7,1.46,125.64,0.463552241
4.84,1997/5/1,5.87,6.94,1.07,848.28,344.1,20.82,1.43,119.19,0.465323452
4.86,1997/6/1,5.69,6.77,1.08,885.14,340.8,19.26,1.44,114.29,0.467092801
4.88,1997/7/1,5.54,6.51,0.97,954.29,323.78,19.66,1.48,115.38,0.468860282
4.9,1997/8/1,5.56,6.58,1.01,899.47,324,19.95,1.51,117.93,0.470625888
4.92,1997/9/1,5.52,6.5,0.97,947.28,322.62,19.8,1.47,120.89,0.472389611
4.94,1997/10/1,5.46,6.33,0.87,914.62,324.85,21.33,1.45,121.06,0.474151445
4.96,1997/11/1,5.46,6.11,0.65,955.4,306.35,20.19,1.41,125.38,0.475911382
4.98,1997/12/1,5.53,5.99,0.47,970.43,288.78,18.33,1.44,129.73,0.477669416
5,1998/1/1,5.24,5.81,0.57,980.28,289.26,16.72,1.47,129.55,0.479425539
5.02,1998/2/1,5.31,5.89,0.58,1049.34,297.74,16.06,1.46,125.85,0.481179744
5.04,1998/3/1,5.39,5.95,0.56,1101.75,295.87,15.12,1.49,129.08,0.482932024
5.06,1998/4/1,5.38,5.92,0.54,1111.75,308.56,15.35,1.51,131.75,0.484682373
5.08,1998/5/1,5.44,5.93,0.49,1090.82,298.97,14.91,1.48,134.9,0.486430783
5.1,1998/6/1,5.41,5.7,0.3,1133.84,292.22,13.72,1.49,140.33,0.488177247
5.12,1998/7/1,5.36,5.68,0.32,1120.67,292.87,14.17,1.51,140.79,0.489921758
5.14,1998/8/1,5.21,5.54,0.34,957.28,284.23,13.47,1.49,144.68,0.49166431
5.16,1998/9/1,4.71,5.2,0.49,1017.01,288.66,15.03,1.4,134.48,0.493404895
5.18,1998/10/1,4.12,5.01,0.89,1098.67,296.6,14.46,1.34,121.05,0.495143507
5.2,1998/11/1,4.53,5.25,0.72,1163.63,294.24,13,1.39,120.29,0.496880138
5.22,1998/12/1,4.52,5.06,0.54,1229.23,291.36,11.35,1.36,117.07,0.498614781
5.24,1999/1/1,4.51,5.16,0.64,1279.64,287.33,12.52,1.39,113.29,0.50034743
5.26,1999/2/1,4.7,5.37,0.66,1238.33,287.5,12.01,1.43,116.67,0.502078078
5.28,1999/3/1,4.78,5.58,0.8,1286.37,286.24,14.68,1.47,119.47,0.503806717
5.3,1999/4/1,4.69,5.55,0.86,1335.18,282.62,17.31,1.5,119.77,0.505533341
5.32,1999/5/1,4.85,5.81,0.96,1301.84,276.93,17.72,1.51,122,0.507257943
5.34,1999/6/1,5.1,6.04,0.95,1372.71,261.4,17.92,1.54,120.72,0.508980516
5.36,1999/7/1,5.03,5.98,0.95,1328.72,256.2,20.1,1.55,119.33,0.510701053
5.38,1999/8/1,5.2,6.07,0.87,1320.41,256.94,21.28,1.51,113.23,0.512419547
5.4,1999/9/1,5.25,6.07,0.82,1282.71,264.47,23.8,1.53,106.88,0.514135992
5.42,1999/10/1,5.43,6.26,0.83,1362.93,311.56,22.69,1.49,105.97,0.51585038
5.44,1999/11/1,5.55,6.15,0.59,1388.91,293.65,25,1.55,104.65,0.517562704
5.46,1999/12/1,5.84,6.35,0.51,1469.25,283.74,26.1,1.58,102.58,0.519272958
5.48,2000/1/1,6.12,6.63,0.5,1394.46,284.59,27.26,1.59,105.3,0.520981136
5.5,2000/2/1,6.22,6.23,0.01,1366.42,300.85,29.37,1.63,109.39,0.522687229
5.52,2000/3/1,6.22,6.05,-0.17,1498.58,286.7,29.84,1.66,106.31,0.524391231
5.54,2000/4/1,6.15,5.85,-0.3,1452.43,279.96,25.72,1.67,105.63,0.526093136
5.56,2000/5/1,6.33,6.15,-0.18,1420.6,275.29,28.79,1.72,108.32,0.527792937
5.58,2000/6/1,6.17,5.93,-0.25,1454.6,285.37,31.82,1.64,106.13,0.529490626
5.6,2000/7/1,6.08,5.85,-0.23,1430.83,282.15,29.7,1.65,108.21,0.531186198
5.62,2000/8/1,6.18,5.72,-0.47,1517.68,274.52,31.26,1.71,108.08,0.532879645
5.64,2000/9/1,6.13,5.83,-0.3,1436.51,273.68,33.88,1.76,106.84,0.53457096
5.66,2000/10/1,6.01,5.8,-0.21,1429.4,270.4,33.11,1.77,108.44,0.536260137
5.68,2000/11/1,6.09,5.78,-0.32,1314.95,265.99,34.42,1.78,109.01,0.537947169
5.7,2000/12/1,5.6,5.49,-0.11,1320.28,271.89,28.44,1.69,112.21,0.539632049
5.72,2001/1/1,4.81,5.54,0.73,1366.02,265.93,29.59,1.63,116.67,0.54131477
5.74,2001/2/1,4.68,5.45,0.77,1239.95,262.02,29.61,1.67,116.23,0.542995327
5.76,2001/3/1,4.3,5.34,1.04,1160.33,263.27,27.25,1.69,121.51,0.544673711
5.78,2001/4/1,3.98,5.65,1.67,1249.47,260.75,27.49,1.71,123.77,0.546349917
5.8,2001/5/1,3.78,5.78,2,1255.83,272.06,28.63,1.75,121.77,0.548023937
5.82,2001/6/1,3.58,5.67,2.09,1224.42,270.74,27.6,1.79,122.35,0.549695765
5.84,2001/7/1,3.62,5.61,2,1211.23,267.71,26.43,1.76,124.5,0.551365394
5.86,2001/8/1,3.47,5.48,2.01,1133.59,272.66,27.37,1.68,121.37,0.553032818
5.88,2001/9/1,2.82,5.48,2.66,1040.95,282.48,26.2,1.63,118.61,0.55469803
5.9,2001/10/1,2.33,5.32,2.99,1059.78,283.32,22.17,1.64,121.45,0.556361023
5.92,2001/11/1,2.18,5.12,2.94,1139.46,276.25,19.64,1.65,122.41,0.55802179
5.94,2001/12/1,2.22,5.48,3.26,1148.08,275.99,19.39,1.66,127.59,0.559680326
5.96,2002/1/1,2.16,5.45,3.29,1130.2,281.76,19.72,1.67,132.68,0.561336623
5.98,2002/2/1,2.23,5.4,3.17,1106.73,295.68,20.72,1.7,133.64,0.562990674
6,2002/3/1,2.57,4.97,2.4,1147.39,294.35,24.53,1.67,131.06,0.564642473
6.02,2002/4/1,2.48,4.97,2.49,1076.92,302.86,26.18,1.65,130.77,0.566292014
6.04,2002/5/1,2.35,4.97,2.61,1067.14,314.48,27.04,1.59,126.38,0.56793929
6.06,2002/6/1,2.2,4.97,2.77,989.81,321.54,25.52,1.54,123.29,0.569584294
6.08,2002/7/1,1.96,4.97,3.01,911.62,313.57,26.97,1.47,117.9,0.571227019
6.1,2002/8/1,1.76,4.97,3.21,916.07,310.05,28.39,1.5,118.99,0.57286746
6.12,2002/9/1,1.72,4.97,3.25,815.28,318.8,29.66,1.49,121.08,0.574505609
6.14,2002/10/1,1.65,4.97,3.32,885.76,316.75,28.84,1.49,123.91,0.57614146
6.16,2002/11/1,1.49,4.97,3.48,936.31,319.25,26.35,1.47,121.61,0.577775007
6.18,2002/12/1,1.45,4.97,3.52,879.82,333.3,29.46,1.44,121.89,0.579406243
6.2,2003/1/1,1.36,4.97,3.6,855.7,356.86,32.95,1.38,118.81,0.581035161
6.22,2003/2/1,1.3,4.97,3.67,841.15,359.58,35.83,1.36,119.34,0.582661754
6.24,2003/3/1,1.24,4.97,3.73,848.18,341.56,33.51,1.36,118.69,0.584286017
6.26,2003/4/1,1.27,4.97,3.7,916.92,328.21,28.17,1.38,119.9,0.585907943
6.28,2003/5/1,1.18,4.97,3.79,963.59,355.41,28.11,1.31,117.37,0.587527526
6.3,2003/6/1,1.01,4.97,3.96,974.5,356.91,30.66,1.32,118.33,0.589144758
6.32,2003/7/1,1.12,4.97,3.85,990.31,350.77,30.76,1.36,118.7,0.590759634
6.34,2003/8/1,1.31,4.97,3.66,1008.01,358.99,31.57,1.38,118.66,0.592372146
6.36,2003/9/1,1.24,4.97,3.73,995.97,378.86,28.31,1.37,114.8,0.593982289
6.38,2003/10/1,1.25,4.97,3.71,1050.71,379.09,30.34,1.32,109.5,0.595590057
6.4,2003/11/1,1.34,4.97,3.63,1058.2,390.2,31.11,1.33,109.18,0.597195441
6.42,2003/12/1,1.31,4.97,3.66,1111.92,407.67,32.13,1.26,107.74,0.598798437
6.44,2004/1/1,1.24,4.97,3.73,1131.13,414.5,34.31,1.24,106.27,0.600399038
6.46,2004/2/1,1.24,4.97,3.73,1144.94,404.73,34.69,1.24,106.71,0.601997238
6.48,2004/3/1,1.19,4.97,3.78,1126.21,405.98,36.74,1.28,108.52,0.603593029
6.5,2004/4/1,1.43,4.97,3.54,1107.3,404.85,36.75,1.3,107.66,0.605186406
6.52,2004/5/1,1.78,4.97,3.19,1120.68,383.95,40.28,1.28,112.2,0.606777362
6.54,2004/6/1,2.12,4.97,2.85,1140.84,391.78,38.03,1.25,109.43,0.608365891
6.56,2004/7/1,2.1,4.97,2.87,1101.72,398.44,40.78,1.25,109.49,0.609951987
6.58,2004/8/1,2.02,4.97,2.95,1104.24,400.13,44.9,1.26,110.23,0.611535642
6.6,2004/9/1,2.12,4.97,2.85,1114.58,405.4,45.94,1.26,110.09,0.613116852
6.62,2004/10/1,2.23,4.97,2.74,1130.2,420.21,53.28,1.23,108.78,0.614695609
6.64,2004/11/1,2.5,4.97,2.47,1173.82,439.06,48.47,1.17,104.7,0.616271908
6.66,2004/12/1,2.67,4.97,2.3,1211.92,442.97,43.15,1.15,103.81,0.617845741
6.68,2005/1/1,2.86,4.97,2.11,1181.27,424.08,46.84,1.18,103.34,0.619417103
6.7,2005/2/1,3.03,4.97,1.94,1203.6,423.43,48.15,1.19,104.94,0.620985987
6.72,2005/3/1,3.3,4.97,1.67,1180.59,434.35,54.19,1.18,105.25,0.622552387
6.74,2005/4/1,3.32,4.97,1.65,1156.85,429.14,52.98,1.2,107.19,0.624116297
6.76,2005/5/1,3.33,4.97,1.64,1191.5,422.9,49.83,1.22,106.6,0.625677711
6.78,2005/6/1,3.36,4.97,1.61,1191.33,430.3,56.35,1.27,108.75,0.627236622
6.8,2005/7/1,3.64,4.97,1.33,1234.18,424.75,59,1.29,111.95,0.628793024
6.82,2005/8/1,3.87,4.97,1.1,1220.33,437.77,64.99,1.26,110.61,0.630346911
6.84,2005/9/1,3.85,4.97,1.12,1228.81,455.94,65.59,1.27,111.24,0.631898276
6.86,2005/10/1,4.18,4.97,0.79,1207.01,470.11,62.26,1.29,114.87,0.633447114
6.88,2005/11/1,4.33,4.97,0.63,1249.48,476.67,58.32,1.31,118.45,0.634993418
6.9,2005/12/1,4.35,4.97,0.62,1248.29,509.42,59.41,1.31,118.46,0.636537182
6.92,2006/1/1,4.45,4.97,0.52,1280.08,549.43,65.49,1.28,115.48,0.6380784
6.94,2006/2/1,4.68,4.54,-0.15,1280.66,555.52,61.63,1.31,117.86,0.639617066
6.96,2006/3/1,4.77,4.73,-0.04,1294.83,557.22,62.69,1.31,117.28,0.641153173
6.98,2006/4/1,4.9,5.06,0.17,1310.61,611.85,69.44,1.28,117.07,0.642686715
7,2006/5/1,5,5.2,0.21,1270.09,676.77,70.84,1.22,111.73,0.644217687
7.02,2006/6/1,5.16,5.15,0,1270.2,597.9,70.95,1.23,114.63,0.645746082
7.04,2006/7/1,5.22,5.13,-0.08,1276.66,633.09,74.41,1.24,115.77,0.647271894
7.06,2006/8/1,5.08,5,-0.09,1303.82,631.56,73.04,1.23,115.92,0.648795117
7.08,2006/9/1,4.97,4.85,-0.12,1335.85,600.15,63.8,1.25,117.21,0.650315745
7.1,2006/10/1,5.01,4.85,-0.16,1377.94,586.65,58.89,1.26,118.61,0.651833771
7.12,2006/11/1,5.01,4.69,-0.33,1400.63,626.83,59.08,1.24,117.32,0.65334919
7.14,2006/12/1,4.94,4.68,-0.26,1418.3,629.51,61.96,1.21,117.32,0.654861996
7.16,2007/1/1,5.06,4.85,-0.21,1438.24,630.35,54.51,1.24,120.45,0.656372182
7.18,2007/2/1,5.05,4.82,-0.23,1406.82,665.1,59.28,1.24,120.5,0.657879743
7.2,2007/3/1,4.92,4.72,-0.2,1420.86,655.89,60.44,1.22,117.26,0.659384672
7.22,2007/4/1,4.93,4.87,-0.07,1482.37,680.01,63.98,1.21,118.93,0.660886964
7.24,2007/5/1,4.91,4.9,-0.01,1530.62,668.31,63.46,1.22,120.77,0.662386612
7.26,2007/6/1,4.96,5.2,0.24,1503.35,655.71,67.49,1.23,122.69,0.66388361
7.28,2007/7/1,4.96,5.11,0.14,1455.27,665.27,74.12,1.21,121.41,0.665377953
7.3,2007/8/1,4.47,4.93,0.46,1473.99,664.53,72.36,1.2,116.73,0.666869635
7.32,2007/9/1,4.14,4.79,0.66,1526.75,710.65,79.92,1.19,115.04,0.668358649
7.34,2007/10/1,4.1,4.77,0.68,1549.38,754.48,85.8,1.17,115.87,0.66984499
7.36,2007/11/1,3.5,4.52,1.02,1481.14,808.31,94.77,1.12,111.07,0.671328651
7.38,2007/12/1,3.26,4.53,1.26,1468.36,803.62,91.69,1.14,112.45,0.672809627
7.4,2008/1/1,2.71,4.33,1.62,1378.55,887.78,92.97,1.1,107.82,0.674287912
7.42,2008/2/1,2.05,4.52,2.46,1330.63,924.28,95.39,1.09,107.03,0.675763499
7.44,2008/3/1,1.54,4.39,2.85,1322.7,971.06,105.45,1.01,100.76,0.677236384
7.46,2008/4/1,1.74,4.44,2.71,1385.59,911.6,112.58,1.01,102.68,0.678706559
7.48,2008/5/1,2.06,4.6,2.54,1400.38,889.13,125.4,1.04,104.36,0.68017402
7.5,2008/6/1,2.42,4.69,2.27,1280,889.54,133.88,1.04,106.92,0.68163876
7.52,2008/7/1,2.28,4.57,2.29,1267.38,941.17,133.37,1.03,106.85,0.683100774
7.54,2008/8/1,2.18,4.5,2.32,1282.83,840.39,116.67,1.08,109.36,0.684560055
7.56,2008/9/1,1.91,4.27,2.36,1166.36,824.92,104.11,1.11,106.57,0.686016597
7.58,2008/10/1,1.42,4.17,2.75,968.75,812.82,76.61,1.14,99.97,0.687470396
7.6,2008/11/1,1.07,4,2.94,896.24,757.85,57.31,1.19,96.97,0.688921445
7.62,2008/12/1,0.49,2.87,2.38,903.25,819.94,41.12,1.14,91.28,0.690369738
7.64,2009/1/1,0.44,3.13,2.68,825.88,857.73,41.71,1.13,90.12,0.69181527
7.66,2009/2/1,0.62,3.59,2.96,735.09,939.76,39.09,1.16,92.92,0.693258035
7.68,2009/3/1,0.64,3.64,3,797.87,925.99,47.94,1.16,97.86,0.694698026
7.7,2009/4/1,0.55,3.76,3.21,872.81,892.66,49.65,1.15,98.92,0.696135239
7.72,2009/5/1,0.5,4.23,3.73,919.14,926.86,59.03,1.11,96.64,0.697569667
7.74,2009/6/1,0.51,4.52,4,919.32,947.81,69.64,1.08,96.61,0.699001305
7.76,2009/7/1,0.48,4.41,3.93,987.48,934.27,64.15,1.08,94.37,0.700430146
7.78,2009/8/1,0.46,4.37,3.91,1020.62,949.5,71.05,1.07,94.9,0.701856187
7.8,2009/9/1,0.4,4.19,3.78,1057.08,996.44,69.41,1.04,91.27,0.703279419
7.82,2009/10/1,0.37,4.19,3.81,1036.19,1043.51,75.72,1.02,90.37,0.704699839
7.84,2009/11/1,0.31,4.31,4,1095.63,1126.12,77.99,1.01,89.27,0.70611744
7.86,2009/12/1,0.37,4.49,4.12,1115.1,1135.01,74.47,1.03,89.95,0.707532216
7.88,2010/1/1,0.35,4.6,4.26,1073.87,1119.58,78.33,1.03,91.1,0.708944162
7.9,2010/2/1,0.35,4.62,4.27,1104.49,1095.8,76.39,1.07,90.14,0.710353272
7.92,2010/3/1,0.4,4.64,4.25,1169.43,1115.55,81.2,1.07,90.72,0.711759541
7.94,2010/4/1,0.45,4.69,4.25,1186.69,1148.48,84.29,1.07,93.45,0.713162963
7.96,2010/5/1,0.37,4.29,3.92,1089.41,1204.32,73.74,1.13,91.97,0.714563533
7.98,2010/6/1,0.32,4.13,3.81,1030.71,1232.38,75.34,1.13,90.81,0.715961244
8,2010/7/1,0.29,3.99,3.7,1101.6,1196,76.32,1.05,87.5,0.717356091
8.02,2010/8/1,0.26,3.8,3.54,1049.33,1213.46,76.6,1.04,85.37,0.718748069
8.04,2010/9/1,0.26,3.77,3.52,1141.2,1271.46,75.24,1,84.36,0.720137171
8.06,2010/10/1,0.23,3.87,3.64,1183.26,1343.19,81.89,0.97,81.73,0.721523394
8.08,2010/11/1,0.25,4.19,3.93,1180.55,1371.78,84.25,0.98,82.52,0.72290673
8.1,2010/12/1,0.29,4.42,4.12,1257.64,1393.51,89.15,0.97,83.34,0.724287174
8.12,2011/1/1,0.27,4.52,4.25,1286.12,1360.48,89.17,0.96,82.63,0.725664722
8.14,2011/2/1,0.29,4.65,4.37,1327.22,1371.31,88.58,0.95,82.54,0.727039366
8.16,2011/3/1,0.26,4.51,4.25,1325.83,1422.85,102.86,0.92,81.65,0.728411103
8.18,2011/4/1,0.25,4.5,4.26,1363.61,1474.43,109.53,0.9,83.18,0.729779926
8.2,2011/5/1,0.19,4.29,4.11,1345.2,1512.19,100.9,0.87,81.13,0.73114583
8.22,2011/6/1,0.18,4.23,4.05,1320.64,1528.38,96.26,0.84,80.43,0.732508809
8.24,2011/7/1,0.19,4.27,4.09,1292.28,1568.53,97.3,0.82,79.24,0.733868858
8.26,2011/8/1,0.11,3.65,3.54,1218.89,1759.5,86.33,0.78,76.97,0.735225972
8.28,2011/9/1,0.1,3.18,3.08,1131.42,1780.65,85.52,0.88,76.8,0.736580145
8.3,2011/10/1,0.11,3.13,3.01,1253.3,1667.89,86.32,0.9,76.64,0.737931371
8.32,2011/11/1,0.11,3.02,2.9,1246.96,1735.98,97.16,0.91,77.56,0.739279646
8.34,2011/12/1,0.12,2.98,2.87,1257.6,1652.73,98.56,0.93,77.8,0.740624964
8.36,2012/1/1,0.12,3.03,2.91,1312.41,1656.1,100.27,0.94,76.96,0.741967319
8.38,2012/2/1,0.16,3.11,2.95,1365.68,1743.1,102.2,0.91,78.47,0.743306706
8.4,2012/3/1,0.19,3.28,3.09,1408.47,1675.06,106.16,0.91,82.47,0.74464312
8.42,2012/4/1,0.18,3.18,3,1397.91,1648.54,103.32,0.91,81.25,0.745976555
8.44,2012/5/1,0.19,2.93,2.74,1310.33,1585.11,94.66,0.94,79.67,0.747307007
8.46,2012/6/1,0.19,2.7,2.51,1362.16,1595.63,82.3,0.96,79.32,0.748634469
8.48,2012/7/1,0.19,2.59,2.4,1379.32,1592.78,87.9,0.98,78.93,0.749958937
8.5,2012/8/1,0.18,2.77,2.59,1406.58,1625.68,94.13,0.97,78.69,0.751280405
8.52,2012/9/1,0.18,2.88,2.71,1440.67,1741.93,94.51,0.94,78.14,0.752598868
8.54,2012/10/1,0.18,2.9,2.72,1412.16,1746.35,89.49,0.93,79.01,0.75391432
8.56,2012/11/1,0.18,2.8,2.63,1416.18,1724.35,86.53,0.94,81.03,0.755226757
8.58,2012/12/1,0.16,2.88,2.73,1426.19,1687.34,87.86,0.92,83.79,0.756536173
8.6,2013/1/1,0.15,3.08,2.94,1498.11,1671.89,94.76,0.92,89.06,0.757842563
8.62,2013/2/1,0.16,3.17,3.01,1514.68,1630.69,95.31,0.92,93,0.759145921
8.64,2013/3/1,0.15,3.16,3.02,1569.19,1591.01,92.94,0.95,94.77,0.760446243
8.66,2013/4/1,0.12,2.93,2.81,1597.57,1485.9,92.02,0.94,97.76,0.761743523
8.68,2013/5/1,0.12,3.11,2.99,1630.74,1416.14,94.51,0.96,100.92,0.763037756
8.7,2013/6/1,0.14,3.4,3.26,1606.28,1342.7,95.77,0.93,97.24,0.764328937
8.72,2013/7/1,0.12,3.61,3.48,1685.73,1284.35,104.67,0.94,99.67,0.765617061
8.74,2013/8/1,0.13,3.76,3.63,1632.97,1345.05,106.57,0.93,97.81,0.766902122
8.76,2013/9/1,0.12,3.79,3.67,1681.55,1348.46,106.29,0.92,99.21,0.768184115
8.78,2013/10/1,0.12,3.68,3.55,1756.54,1314.4,100.54,0.9,97.77,0.769463036
8.8,2013/11/1,0.12,3.8,3.68,1805.81,1277.42,93.86,0.91,100.07,0.770738879
8.82,2013/12/1,0.13,3.89,3.76,1848.36,1221.59,97.63,0.89,103.46,0.772011639
8.84,2014/1/1,0.12,3.77,3.65,1782.59,1243.07,94.62,0.9,103.76,0.773281311
8.86,2014/2/1,0.12,3.66,3.55,1859.45,1298.71,100.82,0.89,102.13,0.77454789
8.88,2014/3/1,0.13,3.62,3.49,1872.34,1336.56,100.8,0.88,102.34,0.77581137
8.9,2014/4/1,0.11,3.52,3.41,1883.95,1299.18,102.07,0.88,102.46,0.777071748
8.92,2014/5/1,0.1,3.39,3.29,1923.57,1288.91,102.18,0.89,101.77,0.778329017
8.94,2014/6/1,0.1,3.42,3.32,1960.23,1277.86,105.79,0.9,102.06,0.779583172
8.96,2014/7/1,0.11,3.33,3.22,1930.67,1312.99,103.59,0.9,101.74,0.78083421
8.98,2014/8/1,0.11,3.2,3.09,2003.37,1297.01,96.54,0.91,102.94,0.782082124
9,2014/9/1,0.11,3.26,3.15,1972.29,1241.33,93.21,0.94,107.43,0.78332691
9.02,2014/10/1,0.1,3.04,2.94,2018.05,1223.57,84.4,0.95,108.03,0.784568562
9.04,2014/11/1,0.13,3.04,2.9,2067.56,1176.41,75.79,0.96,116.3,0.785807076
9.06,2014/12/1,0.21,2.83,2.62,2058.9,1200.44,59.29,0.98,119.32,0.787042447
9.08,2015/1/1,0.2,2.46,2.26,1994.99,1249.33,47.22,0.94,118.25,0.78827467
9.1,2015/2/1,0.22,2.57,2.34,2104.5,1231.1,50.58,0.94,118.76,0.78950374
9.12,2015/3/1,0.25,2.63,2.37,2067.89,1180.64,47.82,0.98,120.39,0.790729651
9.14,2015/4/1,0.23,2.59,2.35,2085.51,1198.25,54.45,0.96,119.51,0.7919524
9.16,2015/5/1,0.24,2.96,2.71,2107.39,1197.68,59.27,0.93,120.8,0.793171981
9.18,2015/6/1,0.28,3.11,2.84,2063.11,1182.25,59.82,0.93,123.72,0.794388389
9.2,2015/7/1,0.3,3.07,2.77,2103.84,1131.58,50.9,0.95,123.31,0.79560162
9.22,2015/8/1,0.38,2.86,2.48,1972.18,1117.53,42.87,0.97,123,0.796811668
9.24,2015/9/1,0.37,2.95,2.58,1920.03,1124.9,45.48,0.97,120.15,0.798018529
9.26,2015/10/1,0.26,2.89,2.62,2079.36,1157.12,46.22,0.97,120.05,0.799222198
9.28,2015/11/1,0.48,3.03,2.55,2080.41,1088.39,42.44,1.01,122.64,0.80042267
9.3,2015/12/1,0.65,2.97,2.32,2043.94,1068.32,37.19,1,121.64,0.801619941
9.32,2016/1/1,0.54,2.86,2.32,1940.24,1095.66,31.68,1.01,118.23,0.802814005
9.34,2016/2/1,0.53,2.62,2.09,1932.23,1194.89,30.32,0.99,114.62,0.804004857
9.36,2016/3/1,0.66,2.68,2.03,2059.74,1246.31,37.55,0.98,112.93,0.805192494
9.38,2016/4/1,0.56,2.62,2.07,2065.3,1241.45,40.75,0.96,109.55,0.80637691
9.4,2016/5/1,0.59,2.63,2.04,2096.96,1259.76,46.71,0.98,108.85,0.8075581
9.42,2016/6/1,0.55,2.45,1.9,2098.86,1273.58,48.76,0.97,105.35,0.808736061
9.44,2016/7/1,0.51,2.23,1.71,2173.6,1337.43,44.65,0.98,104.19,0.809910786
9.46,2016/8/1,0.57,2.26,1.69,2170.95,1340.86,44.72,0.97,101.24,0.811082271
9.48,2016/9/1,0.59,2.35,1.76,2168.27,1326.62,45.18,0.97,101.78,0.812250513
9.5,2016/10/1,0.66,2.5,1.84,2126.15,1268.93,49.78,0.99,103.91,0.813415505
9.52,2016/11/1,0.74,2.86,2.13,2198.81,1240.29,45.66,1,108.44,0.814577243
9.54,2016/12/1,0.87,3.11,2.25,2238.83,1152.17,51.97,1.02,116,0.815735724
9.56,2017/1/1,0.83,3.02,2.19,2278.87,1192.65,52.5,1.01,114.87,0.816890941
9.58,2017/2/1,0.82,3.03,2.21,2363.64,1233.39,53.47,1,112.91,0.818042891
9.6,2017/3/1,1.01,3.08,2.07,2362.72,1231.06,49.33,1,112.92,0.819191568
9.62,2017/4/1,1.04,2.94,1.9,2384.2,1267.15,51.06,1,110.09,0.820336969
9.64,2017/5/1,1.12,2.96,1.84,2411.8,1245.25,48.48,0.99,112.24,0.821479089
9.66,2017/6/1,1.2,2.8,1.6,2423.41,1261.28,45.18,0.97,110.91,0.822617922
9.68,2017/7/1,1.22,2.88,1.66,2470.3,1235.1,46.63,0.96,112.42,0.823753465
9.7,2017/8/1,1.23,2.8,1.57,2471.65,1282.06,48.04,0.97,109.83,0.824885713
9.72,2017/9/1,1.28,2.78,1.5,2519.36,1317.05,49.82,0.96,110.78,0.826014662
9.74,2017/10/1,1.4,2.88,1.48,2575.26,1280.68,51.58,0.98,112.91,0.827140306
9.76,2017/11/1,1.56,2.8,1.24,2647.58,1283.19,56.64,0.99,112.82,0.828262642
9.78,2017/12/1,1.7,2.77,1.07,2673.61,1265.67,57.88,0.99,112.94,0.829381665
9.8,2018/1/1,1.8,2.88,1.07,2823.81,1332.81,63.7,0.96,110.87,0.83049737
9.82,2018/2/1,1.96,3.13,1.17,2713.83,1333.78,62.23,0.94,107.97,0.831609754
9.84,2018/3/1,2.06,3.09,1.03,2640.87,1325.56,62.73,0.95,106.05,0.832718811
9.86,2018/4/1,2.15,3.07,0.92,2648.05,1334.38,66.25,0.97,107.66,0.833824537
9.88,2018/5/1,2.27,3.13,0.86,2705.27,1303.61,69.98,1,109.69,0.834926928
9.9,2018/6/1,2.33,3.05,0.72,2718.37,1282.13,67.87,0.99,110.06,0.836025979
9.92,2018/7/1,2.39,3.01,0.62,2816.29,1238.06,70.98,0.99,111.52,0.837121686
9.94,2018/8/1,2.45,3.04,0.6,2901.52,1201.86,68.06,0.99,111,0.838214044
9.96,2018/9/1,2.56,3.15,0.59,2913.98,1199.2,70.23,0.97,112.1,0.83930305
9.98,2018/10/1,2.65,3.34,0.69,2711.74,1214.73,70.75,0.99,112.72,0.840388698
10,2018/11/1,2.7,3.36,0.66,2760.17,1221.28,56.96,1,113.34,0.841470985
10.02,2018/12/1,2.66,3.1,0.44,2506.85,1249.89,49.52,0.99,112.2,0.842549906
10.04,2019/1/1,2.58,3.04,0.46,2704.1,1291.63,51.38,0.99,108.96,0.843625457
10.06,2019/2/1,2.55,3.02,0.47,2784.49,1319.76,54.95,1,110.44,0.844697633
10.08,2019/3/1,2.49,2.98,0.49,2834.4,1302.29,58.15,1,111.14,0.84576643
10.1,2019/4/1,2.42,2.94,0.52,2945.83,1287.65,63.86,1.01,111.64,0.846831845
10.12,2019/5/1,2.34,2.82,0.48,2752.06,1283.1,60.83,1.01,109.97,0.847893872
10.14,2019/6/1,2,2.57,0.58,2941.76,1358.49,54.66,0.99,108.07,0.848952507
10.16,2019/7/1,1.96,2.57,0.61,0,1414.61,57.35,0.99,108.29,0.850007747
10.18,2019/8/1,1.77,2.12,0.35,0,1497.1,54.81,0.98,106.19,0.851059587
10.2,2019/9/1,1.8,2.16,0.36,0,1510.34,0,0.99,107.54,0.852108022
10.22,,,,,,,,,,0.853153049
10.24,,,,,,,,,,0.854194663
10.26,,,,,,,,,,0.855232861
10.28,,,,,,,,,,0.856267638
10.3,,,,,,,,,,0.857298989
10.32,,,,,,,,,,0.858326912
10.34,,,,,,,,,,0.859351401
10.36,,,,,,,,,,0.860372452
10.38,,,,,,,,,,0.861390063
10.4,,,,,,,,,,0.862404227
10.42,,,,,,,,,,0.863414942
10.44,,,,,,,,,,0.864422204
10.46,,,,,,,,,,0.865426007
10.48,,,,,,,,,,0.866426349
10.5,,,,,,,,,,0.867423226
10.52,,,,,,,,,,0.868416632
10.54,,,,,,,,,,0.869406565
10.56,,,,,,,,,,0.87039302
10.58,,,,,,,,,,0.871375994
10.6,,,,,,,,,,0.872355482
10.62,,,,,,,,,,0.873331481
10.64,,,,,,,,,,0.874303987
10.66,,,,,,,,,,0.875272995
10.68,,,,,,,,,,0.876238502
10.7,,,,,,,,,,0.877200504
10.72,,,,,,,,,,0.878158998
10.74,,,,,,,,,,0.879113978
10.76,,,,,,,,,,0.880065443
10.78,,,,,,,,,,0.881013387
10.8,,,,,,,,,,0.881957807
10.82,,,,,,,,,,0.882898699
10.84,,,,,,,,,,0.88383606
10.86,,,,,,,,,,0.884769885
10.88,,,,,,,,,,0.885700171
10.9,,,,,,,,,,0.886626914
10.92,,,,,,,,,,0.887550111
10.94,,,,,,,,,,0.888469758
10.96,,,,,,,,,,0.889385851
10.98,,,,,,,,,,0.890298386
11,,,,,,,,,,0.89120736
11.02,,,,,,,,,,0.892112769
11.04,,,,,,,,,,0.89301461
11.06,,,,,,,,,,0.893912879
11.08,,,,,,,,,,0.894807572
11.1,,,,,,,,,,0.895698686
11.12,,,,,,,,,,0.896586217
11.14,,,,,,,,,,0.897470161
11.16,,,,,,,,,,0.898350516
11.18,,,,,,,,,,0.899227278
11.2,,,,,,,,,,0.900100442
11.22,,,,,,,,,,0.900970006
11.24,,,,,,,,,,0.901835967
11.26,,,,,,,,,,0.902698319
11.28,,,,,,,,,,0.903557062
11.3,,,,,,,,,,0.904412189
11.32,,,,,,,,,,0.9052637
11.34,,,,,,,,,,0.906111589
11.36,,,,,,,,,,0.906955853
11.38,,,,,,,,,,0.90779649
11.4,,,,,,,,,,0.908633496
11.42,,,,,,,,,,0.909466867
11.44,,,,,,,,,,0.910296601
11.46,,,,,,,,,,0.911122693
11.48,,,,,,,,,,0.91194514
11.5,,,,,,,,,,0.91276394
11.52,,,,,,,,,,0.913579089
11.54,,,,,,,,,,0.914390584
11.56,,,,,,,,,,0.91519842
11.58,,,,,,,,,,0.916002597
11.6,,,,,,,,,,0.916803109
11.62,,,,,,,,,,0.917599954
11.64,,,,,,,,,,0.918393128
11.66,,,,,,,,,,0.919182629
11.68,,,,,,,,,,0.919968453
11.7,,,,,,,,,,0.920750598
11.72,,,,,,,,,,0.921529059
11.74,,,,,,,,,,0.922303834
11.76,,,,,,,,,,0.92307492
11.78,,,,,,,,,,0.923842314
11.8,,,,,,,,,,0.924606012
11.82,,,,,,,,,,0.925366012
11.84,,,,,,,,,,0.926122311
11.86,,,,,,,,,,0.926874905
11.88,,,,,,,,,,0.927623791
11.9,,,,,,,,,,0.928368967
11.92,,,,,,,,,,0.92911043
11.94,,,,,,,,,,0.929848176
11.96,,,,,,,,,,0.930582203
11.98,,,,,,,,,,0.931312507
12,,,,,,,,,,0.932039086
12.02,,,,,,,,,,0.932761937
12.04,,,,,,,,,,0.933481057
12.06,,,,,,,,,,0.934196443
12.08,,,,,,,,,,0.934908092
12.1,,,,,,,,,,0.935616002
12.12,,,,,,,,,,0.936320169
12.14,,,,,,,,,,0.93702059
12.16,,,,,,,,,,0.937717264
12.18,,,,,,,,,,0.938410187
12.2,,,,,,,,,,0.939099356
12.22,,,,,,,,,,0.939784769
12.24,,,,,,,,,,0.940466423
12.26,,,,,,,,,,0.941144315
12.28,,,,,,,,,,0.941818442
12.3,,,,,,,,,,0.942488802
12.32,,,,,,,,,,0.943155392
12.34,,,,,,,,,,0.943818209
12.36,,,,,,,,,,0.944477252
12.38,,,,,,,,,,0.945132516
12.4,,,,,,,,,,0.945783999
12.42,,,,,,,,,,0.9464317
12.44,,,,,,,,,,0.947075615
12.46,,,,,,,,,,0.947715741
12.48,,,,,,,,,,0.948352077
12.5,,,,,,,,,,0.948984619
12.52,,,,,,,,,,0.949613366
12.54,,,,,,,,,,0.950238314
12.56,,,,,,,,,,0.950859461
12.58,,,,,,,,,,0.951476804
12.6,,,,,,,,,,0.952090342
12.62,,,,,,,,,,0.952700071
12.64,,,,,,,,,,0.953305989
12.66,,,,,,,,,,0.953908094
12.68,,,,,,,,,,0.954506384
12.7,,,,,,,,,,0.955100856
12.72,,,,,,,,,,0.955691507
12.74,,,,,,,,,,0.956278335
12.76,,,,,,,,,,0.956861338
12.78,,,,,,,,,,0.957440514
12.8,,,,,,,,,,0.95801586
12.82,,,,,,,,,,0.958587374
12.84,,,,,,,,,,0.959155054
12.86,,,,,,,,,,0.959718897
12.88,,,,,,,,,,0.960278901
12.9,,,,,,,,,,0.960835064
12.92,,,,,,,,,,0.961387384
12.94,,,,,,,,,,0.961935858
12.96,,,,,,,,,,0.962480485
12.98,,,,,,,,,,0.963021261
13,,,,,,,,,,0.963558185
13.02,,,,,,,,,,0.964091256
13.04,,,,,,,,,,0.964620469
13.06,,,,,,,,,,0.965145825
13.08,,,,,,,,,,0.96566732
13.1,,,,,,,,,,0.966184952
13.12,,,,,,,,,,0.966698719
13.14,,,,,,,,,,0.96720862
13.16,,,,,,,,,,0.967714651
13.18,,,,,,,,,,0.968216812
13.2,,,,,,,,,,0.9687151
13.22,,,,,,,,,,0.969209513
13.24,,,,,,,,,,0.96970005
13.26,,,,,,,,,,0.970186707
13.28,,,,,,,,,,0.970669484
13.3,,,,,,,,,,0.971148378
13.32,,,,,,,,,,0.971623387
13.34,,,,,,,,,,0.97209451
13.36,,,,,,,,,,0.972561745
13.38,,,,,,,,,,0.973025089
13.4,,,,,,,,,,0.973484542
13.42,,,,,,,,,,0.9739401
13.44,,,,,,,,,,0.974391763
13.46,,,,,,,,,,0.974839528
13.48,,,,,,,,,,0.975283393
13.5,,,,,,,,,,0.975723358
13.52,,,,,,,,,,0.976159419
13.54,,,,,,,,,,0.976591576
13.56,,,,,,,,,,0.977019827
13.58,,,,,,,,,,0.97744417
13.6,,,,,,,,,,0.977864602
13.62,,,,,,,,,,0.978281124
13.64,,,,,,,,,,0.978693732
13.66,,,,,,,,,,0.979102425
13.68,,,,,,,,,,0.979507202
13.7,,,,,,,,,,0.979908061
13.72,,,,,,,,,,0.980305001
13.74,,,,,,,,,,0.980698019
13.76,,,,,,,,,,0.981087114
13.78,,,,,,,,,,0.981472285
13.8,,,,,,,,,,0.98185353
13.82,,,,,,,,,,0.982230848
13.84,,,,,,,,,,0.982604237
13.86,,,,,,,,,,0.982973695
13.88,,,,,,,,,,0.983339222
13.9,,,,,,,,,,0.983700815
13.92,,,,,,,,,,0.984058473
13.94,,,,,,,,,,0.984412195
13.96,,,,,,,,,,0.98476198
13.98,,,,,,,,,,0.985107825
14,,,,,,,,,,0.98544973
14.02,,,,,,,,,,0.985787693
14.04,,,,,,,,,,0.986121713
14.06,,,,,,,,,,0.986451789
14.08,,,,,,,,,,0.986777918
14.1,,,,,,,,,,0.987100101
14.12,,,,,,,,,,0.987418335
14.14,,,,,,,,,,0.98773262
14.16,,,,,,,,,,0.988042953
14.18,,,,,,,,,,0.988349335
14.2,,,,,,,,,,0.988651763
14.22,,,,,,,,,,0.988950236
14.24,,,,,,,,,,0.989244754
14.26,,,,,,,,,,0.989535315
14.28,,,,,,,,,,0.989821917
14.3,,,,,,,,,,0.99010456
14.32,,,,,,,,,,0.990383243
14.34,,,,,,,,,,0.990657964
14.36,,,,,,,,,,0.990928723
14.38,,,,,,,,,,0.991195518
14.4,,,,,,,,,,0.991458348
14.42,,,,,,,,,,0.991717213
14.44,,,,,,,,,,0.99197211
14.46,,,,,,,,,,0.99222304
14.48,,,,,,,,,,0.99247
14.5,,,,,,,,,,0.992712991
14.52,,,,,,,,,,0.992952011
14.54,,,,,,,,,,0.993187059
14.56,,,,,,,,,,0.993418135
14.58,,,,,,,,,,0.993645236
14.6,,,,,,,,,,0.993868363
14.62,,,,,,,,,,0.994087515
14.64,,,,,,,,,,0.99430269
14.66,,,,,,,,,,0.994513889
14.68,,,,,,,,,,0.994721109
14.7,,,,,,,,,,0.99492435
14.72,,,,,,,,,,0.995123611
14.74,,,,,,,,,,0.995318892
14.76,,,,,,,,,,0.995510192
14.78,,,,,,,,,,0.99569751
14.8,,,,,,,,,,0.995880845
14.82,,,,,,,,,,0.996060196
14.84,,,,,,,,,,0.996235563
14.86,,,,,,,,,,0.996406945
14.88,,,,,,,,,,0.996574342
14.9,,,,,,,,,,0.996737752
14.92,,,,,,,,,,0.996897175
14.94,,,,,,,,,,0.997052611
14.96,,,,,,,,,,0.997204059
14.98,,,,,,,,,,0.997351517
15,,,,,,,,,,0.997494987
15.02,,,,,,,,,,0.997634466
15.04,,,,,,,,,,0.997769955
15.06,,,,,,,,,,0.997901452
15.08,,,,,,,,,,0.998028959
15.1,,,,,,,,,,0.998152472
15.12,,,,,,,,,,0.998271994
15.14,,,,,,,,,,0.998387522
15.16,,,,,,,,,,0.998499057
15.18,,,,,,,,,,0.998606598
15.2,,,,,,,,,,0.998710144
15.22,,,,,,,,,,0.998809695
15.24,,,,,,,,,,0.998905252
15.26,,,,,,,,,,0.998996812
15.28,,,,,,,,,,0.999084377
15.3,,,,,,,,,,0.999167945
15.32,,,,,,,,,,0.999247517
15.34,,,,,,,,,,0.999323092
15.36,,,,,,,,,,0.999394669
15.38,,,,,,,,,,0.999462249
15.4,,,,,,,,,,0.999525831
15.42,,,,,,,,,,0.999585414
15.44,,,,,,,,,,0.999641
15.46,,,,,,,,,,0.999692587
15.48,,,,,,,,,,0.999740175
15.5,,,,,,,,,,0.999783764
15.52,,,,,,,,,,0.999823354
15.54,,,,,,,,,,0.999858945
15.56,,,,,,,,,,0.999890536
15.58,,,,,,,,,,0.999918128
15.6,,,,,,,,,,0.99994172
15.62,,,,,,,,,,0.999961313
15.64,,,,,,,,,,0.999976905
15.66,,,,,,,,,,0.999988498
15.68,,,,,,,,,,0.99999609
15.7,,,,,,,,,,0.999999683
15.72,,,,,,,,,,0.999999276
15.74,,,,,,,,,,0.999994868
15.76,,,,,,,,,,0.999986461
15.78,,,,,,,,,,0.999974054
15.8,,,,,,,,,,0.999957646
15.82,,,,,,,,,,0.99993724
15.84,,,,,,,,,,0.999912833
15.86,,,,,,,,,,0.999884426
15.88,,,,,,,,,,0.99985202
15.9,,,,,,,,,,0.999815615
15.92,,,,,,,,,,0.999775211
15.94,,,,,,,,,,0.999730807
15.96,,,,,,,,,,0.999682404
15.98,,,,,,,,,,0.999630003
16,,,,,,,,,,0.999573603
16.02,,,,,,,,,,0.999513205
16.04,,,,,,,,,,0.999448809
16.06,,,,,,,,,,0.999380415
16.08,,,,,,,,,,0.999308023
16.1,,,,,,,,,,0.999231634
16.12,,,,,,,,,,0.999151249
16.14,,,,,,,,,,0.999066866
16.16,,,,,,,,,,0.998978488
16.18,,,,,,,,,,0.998886113
16.2,,,,,,,,,,0.998789743
16.22,,,,,,,,,,0.998689378
16.24,,,,,,,,,,0.998585018
16.26,,,,,,,,,,0.998476664
16.28,,,,,,,,,,0.998364316
16.3,,,,,,,,,,0.998247974
16.32,,,,,,,,,,0.99812764
16.34,,,,,,,,,,0.998003313
16.36,,,,,,,,,,0.997874994
16.38,,,,,,,,,,0.997742683
16.4,,,,,,,,,,0.997606381
16.42,,,,,,,,,,0.997466089
16.44,,,,,,,,,,0.997321807
16.46,,,,,,,,,,0.997173536
16.48,,,,,,,,,,0.997021276
16.5,,,,,,,,,,0.996865028
16.52,,,,,,,,,,0.996704793
16.54,,,,,,,,,,0.996540571
16.56,,,,,,,,,,0.996372362
16.58,,,,,,,,,,0.996200169
16.6,,,,,,,,,,0.99602399
16.62,,,,,,,,,,0.995843827
16.64,,,,,,,,,,0.995659681
16.66,,,,,,,,,,0.995471552
16.68,,,,,,,,,,0.995279442
16.7,,,,,,,,,,0.99508335
16.72,,,,,,,,,,0.994883278
16.74,,,,,,,,,,0.994679226
16.76,,,,,,,,,,0.994471196
16.78,,,,,,,,,,0.994259187
16.8,,,,,,,,,,0.994043202
16.82,,,,,,,,,,0.993823241
16.84,,,,,,,,,,0.993599304
16.86,,,,,,,,,,0.993371393
16.88,,,,,,,,,,0.993139508
16.9,,,,,,,,,,0.992903651
16.92,,,,,,,,,,0.992663822
16.94,,,,,,,,,,0.992420023
16.96,,,,,,,,,,0.992172254
16.98,,,,,,,,,,0.991920516
17,,,,,,,,,,0.99166481
17.02,,,,,,,,,,0.991405138
17.04,,,,,,,,,,0.991141501
17.06,,,,,,,,,,0.990873898
17.08,,,,,,,,,,0.990602332
17.1,,,,,,,,,,0.990326804
17.12,,,,,,,,,,0.990047315
17.14,,,,,,,,,,0.989763865
17.16,,,,,,,,,,0.989476456
17.18,,,,,,,,,,0.989185089
17.2,,,,,,,,,,0.988889766
17.22,,,,,,,,,,0.988590487
17.24,,,,,,,,,,0.988287254
17.26,,,,,,,,,,0.987980067
17.28,,,,,,,,,,0.987668929
17.3,,,,,,,,,,0.98735384
17.32,,,,,,,,,,0.987034801
17.34,,,,,,,,,,0.986711815
17.36,,,,,,,,,,0.986384881
17.38,,,,,,,,,,0.986054002
17.4,,,,,,,,,,0.985719179
17.42,,,,,,,,,,0.985380413
17.44,,,,,,,,,,0.985037705
17.46,,,,,,,,,,0.984691057
17.48,,,,,,,,,,0.984340471
17.5,,,,,,,,,,0.983985947
17.52,,,,,,,,,,0.983627487
17.54,,,,,,,,,,0.983265093
17.56,,,,,,,,,,0.982898765
17.58,,,,,,,,,,0.982528506
17.6,,,,,,,,,,0.982154317
17.62,,,,,,,,,,0.981776199
17.64,,,,,,,,,,0.981394155
17.66,,,,,,,,,,0.981008184
17.68,,,,,,,,,,0.98061829
17.7,,,,,,,,,,0.980224473
17.72,,,,,,,,,,0.979826735
17.74,,,,,,,,,,0.979425078
17.76,,,,,,,,,,0.979019503
17.78,,,,,,,,,,0.978610012
17.8,,,,,,,,,,0.978196607
17.82,,,,,,,,,,0.977779289
17.84,,,,,,,,,,0.977358059
17.86,,,,,,,,,,0.976932921
17.88,,,,,,,,,,0.976503874
17.9,,,,,,,,,,0.976070922
17.92,,,,,,,,,,0.975634065
17.94,,,,,,,,,,0.975193306
17.96,,,,,,,,,,0.974748646
17.98,,,,,,,,,,0.974300087
18,,,,,,,,,,0.973847631
18.02,,,,,,,,,,0.973391279
18.04,,,,,,,,,,0.972931034
18.06,,,,,,,,,,0.972466897
18.08,,,,,,,,,,0.971998871
18.1,,,,,,,,,,0.971526956
18.12,,,,,,,,,,0.971051155
18.14,,,,,,,,,,0.97057147
18.16,,,,,,,,,,0.970087903
18.18,,,,,,,,,,0.969600455
18.2,,,,,,,,,,0.969109129
18.22,,,,,,,,,,0.968613926
18.24,,,,,,,,,,0.968114849
18.26,,,,,,,,,,0.9676119
18.28,,,,,,,,,,0.96710508
18.3,,,,,,,,,,0.966594392
18.32,,,,,,,,,,0.966079837
18.34,,,,,,,,,,0.965561418
18.36,,,,,,,,,,0.965039137
18.38,,,,,,,,,,0.964512996
18.4,,,,,,,,,,0.963982996
18.42,,,,,,,,,,0.963449141
18.44,,,,,,,,,,0.962911432
18.46,,,,,,,,,,0.962369871
18.48,,,,,,,,,,0.961824461
18.5,,,,,,,,,,0.961275203
18.52,,,,,,,,,,0.9607221
18.54,,,,,,,,,,0.960165155
18.56,,,,,,,,,,0.959604369
18.58,,,,,,,,,,0.959039744
18.6,,,,,,,,,,0.958471283
18.62,,,,,,,,,,0.957898988
18.64,,,,,,,,,,0.957322862
18.66,,,,,,,,,,0.956742907
18.68,,,,,,,,,,0.956159124
18.7,,,,,,,,,,0.955571517
18.72,,,,,,,,,,0.954980087
18.74,,,,,,,,,,0.954384838
18.76,,,,,,,,,,0.953785771
18.78,,,,,,,,,,0.953182889
18.8,,,,,,,,,,0.952576194
18.82,,,,,,,,,,0.951965689
18.84,,,,,,,,,,0.951351376
18.86,,,,,,,,,,0.950733258
18.88,,,,,,,,,,0.950111337
18.9,,,,,,,,,,0.949485615
18.92,,,,,,,,,,0.948856095
18.94,,,,,,,,,,0.94822278
18.96,,,,,,,,,,0.947585672
18.98,,,,,,,,,,0.946944774
19,,,,,,,,,,0.946300088
19.02,,,,,,,,,,0.945651616
19.04,,,,,,,,,,0.944999362
19.06,,,,,,,,,,0.944343329
19.08,,,,,,,,,,0.943683517
19.1,,,,,,,,,,0.943019931
19.12,,,,,,,,,,0.942352573
19.14,,,,,,,,,,0.941681446
19.16,,,,,,,,,,0.941006551
19.18,,,,,,,,,,0.940327893
19.2,,,,,,,,,,0.939645474
19.22,,,,,,,,,,0.938959296
19.24,,,,,,,,,,0.938269362
19.26,,,,,,,,,,0.937575675
19.28,,,,,,,,,,0.936878237
19.3,,,,,,,,,,0.936177052
19.32,,,,,,,,,,0.935472123
19.34,,,,,,,,,,0.934763451
19.36,,,,,,,,,,0.934051041
19.38,,,,,,,,,,0.933334894
19.4,,,,,,,,,,0.932615014
19.42,,,,,,,,,,0.931891404
19.44,,,,,,,,,,0.931164065
19.46,,,,,,,,,,0.930433003
19.48,,,,,,,,,,0.929698218
19.5,,,,,,,,,,0.928959715
19.52,,,,,,,,,,0.928217496
19.54,,,,,,,,,,0.927471564
19.56,,,,,,,,,,0.926721922
19.58,,,,,,,,,,0.925968573
19.6,,,,,,,,,,0.925211521
19.62,,,,,,,,,,0.924450767
19.64,,,,,,,,,,0.923686316
19.66,,,,,,,,,,0.92291817
19.68,,,,,,,,,,0.922146332
19.7,,,,,,,,,,0.921370806
19.72,,,,,,,,,,0.920591594
19.74,,,,,,,,,,0.9198087
19.76,,,,,,,,,,0.919022127
19.78,,,,,,,,,,0.918231878
19.8,,,,,,,,,,0.917437955
19.82,,,,,,,,,,0.916640363
19.84,,,,,,,,,,0.915839105
19.86,,,,,,,,,,0.915034183
19.88,,,,,,,,,,0.9142256
19.9,,,,,,,,,,0.913413361
19.92,,,,,,,,,,0.912597469
19.94,,,,,,,,,,0.911777926
19.96,,,,,,,,,,0.910954735
19.98,,,,,,,,,,0.910127901
20,,,,,,,,,,0.909297427
20.02,,,,,,,,,,0.908463315
20.04,,,,,,,,,,0.90762557
20.06,,,,,,,,,,0.906784193
20.08,,,,,,,,,,0.90593919
20.1,,,,,,,,,,0.905090563
20.12,,,,,,,,,,0.904238316
20.14,,,,,,,,,,0.903382452
20.16,,,,,,,,,,0.902522974
20.18,,,,,,,,,,0.901659886
20.2,,,,,,,,,,0.900793192
20.22,,,,,,,,,,0.899922894
20.24,,,,,,,,,,0.899048996
20.26,,,,,,,,,,0.898171503
20.28,,,,,,,,,,0.897290417
20.3,,,,,,,,,,0.896405741
20.32,,,,,,,,,,0.89551748
20.34,,,,,,,,,,0.894625637
20.36,,,,,,,,,,0.893730215
20.38,,,,,,,,,,0.892831219
20.4,,,,,,,,,,0.891928651
20.42,,,,,,,,,,0.891022515
20.44,,,,,,,,,,0.890112816
20.46,,,,,,,,,,0.889199556
20.48,,,,,,,,,,0.888282739
20.5,,,,,,,,,,0.887362369
20.52,,,,,,,,,,0.886438449
20.54,,,,,,,,,,0.885510984
20.56,,,,,,,,,,0.884579977
20.58,,,,,,,,,,0.883645431
20.6,,,,,,,,,,0.882707351
20.62,,,,,,,,,,0.88176574
20.64,,,,,,,,,,0.880820602
20.66,,,,,,,,,,0.87987194
20.68,,,,,,,,,,0.87891976
20.7,,,,,,,,,,0.877964063
20.72,,,,,,,,,,0.877004855
20.74,,,,,,,,,,0.876042138
20.76,,,,,,,,,,0.875075918
20.78,,,,,,,,,,0.874106197
20.8,,,,,,,,,,0.87313298
20.82,,,,,,,,,,0.87215627
20.84,,,,,,,,,,0.871176071
20.86,,,,,,,,,,0.870192388
20.88,,,,,,,,,,0.869205224
20.9,,,,,,,,,,0.868214583
20.92,,,,,,,,,,0.86722047
20.94,,,,,,,,,,0.866222887
20.96,,,,,,,,,,0.86522184
20.98,,,,,,,,,,0.864217332
21,,,,,,,,,,0.863209367
21.02,,,,,,,,,,0.862197949
21.04,,,,,,,,,,0.861183082
21.06,,,,,,,,,,0.86016477
21.08,,,,,,,,,,0.859143018
21.1,,,,,,,,,,0.85811783
21.12,,,,,,,,,,0.857089208
21.14,,,,,,,,,,0.856057159
21.16,,,,,,,,,,0.855021685
21.18,,,,,,,,,,0.853982791
21.2,,,,,,,,,,0.852940482
21.22,,,,,,,,,,0.85189476
21.24,,,,,,,,,,0.850845631
21.26,,,,,,,,,,0.849793098
21.28,,,,,,,,,,0.848737167
21.3,,,,,,,,,,0.84767784
21.32,,,,,,,,,,0.846615123
21.34,,,,,,,,,,0.845549019
21.36,,,,,,,,,,0.844479533
21.38,,,,,,,,,,0.843406669
21.4,,,,,,,,,,0.842330432
21.42,,,,,,,,,,0.841250825
21.44,,,,,,,,,,0.840167853
21.46,,,,,,,,,,0.83908152
21.48,,,,,,,,,,0.837991832
21.5,,,,,,,,,,0.836898791
21.52,,,,,,,,,,0.835802402
21.54,,,,,,,,,,0.834702671
21.56,,,,,,,,,,0.8335996
21.58,,,,,,,,,,0.832493196
21.6,,,,,,,,,,0.831383461
21.62,,,,,,,,,,0.8302704
21.64,,,,,,,,,,0.829154019
21.66,,,,,,,,,,0.828034321
21.68,,,,,,,,,,0.826911311
21.7,,,,,,,,,,0.825784993
21.72,,,,,,,,,,0.824655372
21.74,,,,,,,,,,0.823522453
21.76,,,,,,,,,,0.822386239
21.78,,,,,,,,,,0.821246736
21.8,,,,,,,,,,0.820103948
21.82,,,,,,,,,,0.818957879
21.84,,,,,,,,,,0.817808535
21.86,,,,,,,,,,0.816655919
21.88,,,,,,,,,,0.815500037
21.9,,,,,,,,,,0.814340892
21.92,,,,,,,,,,0.813178491
21.94,,,,,,,,,,0.812012836
21.96,,,,,,,,,,0.810843934
21.98,,,,,,,,,,0.809671788
22,,,,,,,,,,0.808496404
22.02,,,,,,,,,,0.807317785
22.04,,,,,,,,,,0.806135938
22.06,,,,,,,,,,0.804950865
22.08,,,,,,,,,,0.803762573
22.1,,,,,,,,,,0.802571066
22.12,,,,,,,,,,0.801376349
22.14,,,,,,,,,,0.800178426
22.16,,,,,,,,,,0.798977302
22.18,,,,,,,,,,0.797772983
22.2,,,,,,,,,,0.796565472
22.22,,,,,,,,,,0.795354775
22.24,,,,,,,,,,0.794140897
22.26,,,,,,,,,,0.792923842
22.28,,,,,,,,,,0.791703616
22.3,,,,,,,,,,0.790480222
22.32,,,,,,,,,,0.789253667
22.34,,,,,,,,,,0.788023955
22.36,,,,,,,,,,0.78679109
22.38,,,,,,,,,,0.785555079
22.4,,,,,,,,,,0.784315925
22.42,,,,,,,,,,0.783073634
22.44,,,,,,,,,,0.781828211
22.46,,,,,,,,,,0.78057966
22.48,,,,,,,,,,0.779327987
22.5,,,,,,,,,,0.778073197
22.52,,,,,,,,,,0.776815294
22.54,,,,,,,,,,0.775554285
22.56,,,,,,,,,,0.774290172
22.58,,,,,,,,,,0.773022963
22.6,,,,,,,,,,0.771752662
22.62,,,,,,,,,,0.770479274
22.64,,,,,,,,,,0.769202804
22.66,,,,,,,,,,0.767923257
22.68,,,,,,,,,,0.766640638
22.7,,,,,,,,,,0.765354953
22.72,,,,,,,,,,0.764066206
22.74,,,,,,,,,,0.762774403
22.76,,,,,,,,,,0.761479549
22.78,,,,,,,,,,0.760181649
22.8,,,,,,,,,,0.758880708
22.82,,,,,,,,,,0.757576732
22.84,,,,,,,,,,0.756269725
22.86,,,,,,,,,,0.754959694
22.88,,,,,,,,,,0.753646642
22.9,,,,,,,,,,0.752330576
22.92,,,,,,,,,,0.751011501
22.94,,,,,,,,,,0.749689422
22.96,,,,,,,,,,0.748364344
22.98,,,,,,,,,,0.747036272
23,,,,,,,,,,0.745705212
23.02,,,,,,,,,,0.74437117
23.04,,,,,,,,,,0.74303415
23.06,,,,,,,,,,0.741694157
23.08,,,,,,,,,,0.740351198
23.1,,,,,,,,,,0.739005278
23.12,,,,,,,,,,0.737656402
23.14,,,,,,,,,,0.736304575
23.16,,,,,,,,,,0.734949802
23.18,,,,,,,,,,0.73359209
23.2,,,,,,,,,,0.732231444
23.22,,,,,,,,,,0.730867869
23.24,,,,,,,,,,0.72950137
23.26,,,,,,,,,,0.728131953
23.28,,,,,,,,,,0.726759624
23.3,,,,,,,,,,0.725384387
23.32,,,,,,,,,,0.72400625
23.34,,,,,,,,,,0.722625216
23.36,,,,,,,,,,0.721241291
23.38,,,,,,,,,,0.719854482
23.4,,,,,,,,,,0.718464793
23.42,,,,,,,,,,0.71707223
23.44,,,,,,,,,,0.715676799
23.46,,,,,,,,,,0.714278506
23.48,,,,,,,,,,0.712877355
23.5,,,,,,,,,,0.711473353
23.52,,,,,,,,,,0.710066505
23.54,,,,,,,,,,0.708656816
23.56,,,,,,,,,,0.707244293
23.58,,,,,,,,,,0.705828941
23.6,,,,,,,,,,0.704410766
23.62,,,,,,,,,,0.702989773
23.64,,,,,,,,,,0.701565968
23.66,,,,,,,,,,0.700139357
23.68,,,,,,,,,,0.698709945
23.7,,,,,,,,,,0.697277738
23.72,,,,,,,,,,0.695842743
23.74,,,,,,,,,,0.694404963
23.76,,,,,,,,,,0.692964407
23.78,,,,,,,,,,0.691521078
23.8,,,,,,,,,,0.690074984
23.82,,,,,,,,,,0.688626129
23.84,,,,,,,,,,0.687174519
23.86,,,,,,,,,,0.685720161
23.88,,,,,,,,,,0.68426306
23.9,,,,,,,,,,0.682803222
23.92,,,,,,,,,,0.681340653
23.94,,,,,,,,,,0.679875358
23.96,,,,,,,,,,0.678407344
23.98,,,,,,,,,,0.676936616
24,,,,,,,,,,0.675463181
24.02,,,,,,,,,,0.673987043
24.04,,,,,,,,,,0.67250821
24.06,,,,,,,,,,0.671026687
24.08,,,,,,,,,,0.669542479
24.1,,,,,,,,,,0.668055593
24.12,,,,,,,,,,0.666566036
24.14,,,,,,,,,,0.665073811
24.16,,,,,,,,,,0.663578927
24.18,,,,,,,,,,0.662081388
24.2,,,,,,,,,,0.660581201
24.22,,,,,,,,,,0.659078372
24.24,,,,,,,,,,0.657572906
24.26,,,,,,,,,,0.65606481
24.28,,,,,,,,,,0.65455409
24.3,,,,,,,,,,0.653040752
24.32,,,,,,,,,,0.651524801
24.34,,,,,,,,,,0.650006244
24.36,,,,,,,,,,0.648485088
24.38,,,,,,,,,,0.646961337
24.4,,,,,,,,,,0.645434998
24.42,,,,,,,,,,0.643906078
24.44,,,,,,,,,,0.642374582
24.46,,,,,,,,,,0.640840517
24.48,,,,,,,,,,0.639303888
24.5,,,,,,,,,,0.637764702
24.52,,,,,,,,,,0.636222965
24.54,,,,,,,,,,0.634678683
24.56,,,,,,,,,,0.633131863
24.58,,,,,,,,,,0.631582509
24.6,,,,,,,,,,0.63003063
24.62,,,,,,,,,,0.62847623
24.64,,,,,,,,,,0.626919317
24.66,,,,,,,,,,0.625359896
24.68,,,,,,,,,,0.623797973
24.7,,,,,,,,,,0.622233555
24.72,,,,,,,,,,0.620666649
24.74,,,,,,,,,,0.619097259
24.76,,,,,,,,,,0.617525393
24.78,,,,,,,,,,0.615951058
24.8,,,,,,,,,,0.614374258
24.82,,,,,,,,,,0.612795001
24.84,,,,,,,,,,0.611213292
24.86,,,,,,,,,,0.609629139
24.88,,,,,,,,,,0.608042547
24.9,,,,,,,,,,0.606453523
24.92,,,,,,,,,,0.604862074
24.94,,,,,,,,,,0.603268204
24.96,,,,,,,,,,0.601671922
24.98,,,,,,,,,,0.600073233
25,,,,,,,,,,0.598472144
25.02,,,,,,,,,,0.596868661
25.04,,,,,,,,,,0.59526279
25.06,,,,,,,,,,0.593654539
25.08,,,,,,,,,,0.592043913
25.1,,,,,,,,,,0.590430918
25.12,,,,,,,,,,0.588815562
25.14,,,,,,,,,,0.587197851
25.16,,,,,,,,,,0.58557779
25.18,,,,,,,,,,0.583955388
25.2,,,,,,,,,,0.58233065
25.22,,,,,,,,,,0.580703582
25.24,,,,,,,,,,0.579074191
25.26,,,,,,,,,,0.577442485
25.28,,,,,,,,,,0.575808468
25.3,,,,,,,,,,0.574172148
25.32,,,,,,,,,,0.572533532
25.34,,,,,,,,,,0.570892625
25.36,,,,,,,,,,0.569249435
25.38,,,,,,,,,,0.567603968
25.4,,,,,,,,,,0.56595623
25.42,,,,,,,,,,0.564306229
25.44,,,,,,,,,,0.56265397
25.46,,,,,,,,,,0.560999461
25.48,,,,,,,,,,0.559342708
25.5,,,,,,,,,,0.557683717
25.52,,,,,,,,,,0.556022496
25.54,,,,,,,,,,0.554359051
25.56,,,,,,,,,,0.552693388
25.58,,,,,,,,,,0.551025514
25.6,,,,,,,,,,0.549355436
25.62,,,,,,,,,,0.547683161
25.64,,,,,,,,,,0.546008695
25.66,,,,,,,,,,0.544332045
25.68,,,,,,,,,,0.542653218
25.7,,,,,,,,,,0.54097222
25.72,,,,,,,,,,0.539289059
25.74,,,,,,,,,,0.53760374
25.76,,,,,,,,,,0.53591627
25.78,,,,,,,,,,0.534226657
25.8,,,,,,,,,,0.532534908
25.82,,,,,,,,,,0.530841028
25.84,,,,,,,,,,0.529145024
25.86,,,,,,,,,,0.527446904
25.88,,,,,,,,,,0.525746674
25.9,,,,,,,,,,0.524044342
25.92,,,,,,,,,,0.522339913
25.94,,,,,,,,,,0.520633394
25.96,,,,,,,,,,0.518924794
25.98,,,,,,,,,,0.517214117
26,,,,,,,,,,0.515501372
26.02,,,,,,,,,,0.513786564
26.04,,,,,,,,,,0.512069702
26.06,,,,,,,,,,0.510350791
26.08,,,,,,,,,,0.508629839
26.1,,,,,,,,,,0.506906852
26.12,,,,,,,,,,0.505181838
26.14,,,,,,,,,,0.503454803
26.16,,,,,,,,,,0.501725754
26.18,,,,,,,,,,0.499994698
26.2,,,,,,,,,,0.498261642
26.22,,,,,,,,,,0.496526594
26.24,,,,,,,,,,0.494789559
26.26,,,,,,,,,,0.493050545
26.28,,,,,,,,,,0.491309558
26.3,,,,,,,,,,0.489566607
26.32,,,,,,,,,,0.487821697
26.34,,,,,,,,,,0.486074836
26.36,,,,,,,,,,0.484326031
26.38,,,,,,,,,,0.482575288
26.4,,,,,,,,,,0.480822615
26.42,,,,,,,,,,0.479068019
26.44,,,,,,,,,,0.477311506
26.46,,,,,,,,,,0.475553084
26.48,,,,,,,,,,0.47379276
26.5,,,,,,,,,,0.472030541
26.52,,,,,,,,,,0.470266434
26.54,,,,,,,,,,0.468500446
26.56,,,,,,,,,,0.466732583
26.58,,,,,,,,,,0.464962854
26.6,,,,,,,,,,0.463191265
26.62,,,,,,,,,,0.461417823
26.64,,,,,,,,,,0.459642535
26.66,,,,,,,,,,0.457865409
26.68,,,,,,,,,,0.456086452
26.7,,,,,,,,,,0.45430567
26.72,,,,,,,,,,0.452523071
26.74,,,,,,,,,,0.450738661
26.76,,,,,,,,,,0.448952449
26.78,,,,,,,,,,0.447164441
26.8,,,,,,,,,,0.445374645
26.82,,,,,,,,,,0.443583066
26.84,,,,,,,,,,0.441789714
26.86,,,,,,,,,,0.439994594
26.88,,,,,,,,,,0.438197715
26.9,,,,,,,,,,0.436399082
26.92,,,,,,,,,,0.434598704
26.94,,,,,,,,,,0.432796588
26.96,,,,,,,,,,0.43099274
26.98,,,,,,,,,,0.429187169
27,,,,,,,,,,0.42737988
27.02,,,,,,,,,,0.425570882
27.04,,,,,,,,,,0.423760182
27.06,,,,,,,,,,0.421947787
27.08,,,,,,,,,,0.420133704
27.1,,,,,,,,,,0.418317941
27.12,,,,,,,,,,0.416500504
27.14,,,,,,,,,,0.414681401
27.16,,,,,,,,,,0.41286064
27.18,,,,,,,,,,0.411038227
27.2,,,,,,,,,,0.40921417
27.22,,,,,,,,,,0.407388476
27.24,,,,,,,,,,0.405561152
27.26,,,,,,,,,,0.403732207
27.28,,,,,,,,,,0.401901646
27.3,,,,,,,,,,0.400069478
27.32,,,,,,,,,,0.398235709
27.34,,,,,,,,,,0.396400348
27.36,,,,,,,,,,0.3945634
27.38,,,,,,,,,,0.392724875
27.4,,,,,,,,,,0.390884779
27.42,,,,,,,,,,0.389043119
27.44,,,,,,,,,,0.387199903
27.46,,,,,,,,,,0.385355138
27.48,,,,,,,,,,0.383508832
27.5,,,,,,,,,,0.381660992
27.52,,,,,,,,,,0.379811625
27.54,,,,,,,,,,0.377960739
27.56,,,,,,,,,,0.376108341
27.58,,,,,,,,,,0.374254439
27.6,,,,,,,,,,0.372399039
27.62,,,,,,,,,,0.37054215
27.64,,,,,,,,,,0.368683779
27.66,,,,,,,,,,0.366823933
27.68,,,,,,,,,,0.36496262
27.7,,,,,,,,,,0.363099847
27.72,,,,,,,,,,0.361235622
27.74,,,,,,,,,,0.359369951
27.76,,,,,,,,,,0.357502844
27.78,,,,,,,,,,0.355634306
27.8,,,,,,,,,,0.353764345
27.82,,,,,,,,,,0.35189297
27.84,,,,,,,,,,0.350020187
27.86,,,,,,,,,,0.348146004
27.88,,,,,,,,,,0.346270428
27.9,,,,,,,,,,0.344393467
27.92,,,,,,,,,,0.342515129
27.94,,,,,,,,,,0.340635421
27.96,,,,,,,,,,0.33875435
27.98,,,,,,,,,,0.336871924
28,,,,,,,,,,0.33498815
28.02,,,,,,,,,,0.333103037
28.04,,,,,,,,,,0.331216591
28.06,,,,,,,,,,0.32932882
28.08,,,,,,,,,,0.327439732
28.1,,,,,,,,,,0.325549335
28.12,,,,,,,,,,0.323657635
28.14,,,,,,,,,,0.32176464
28.16,,,,,,,,,,0.319870358
28.18,,,,,,,,,,0.317974797
28.2,,,,,,,,,,0.316077964
28.22,,,,,,,,,,0.314179867
28.24,,,,,,,,,,0.312280513
28.26,,,,,,,,,,0.31037991
28.28,,,,,,,,,,0.308478065
28.3,,,,,,,,,,0.306574986
28.32,,,,,,,,,,0.304670681
28.34,,,,,,,,,,0.302765158
28.36,,,,,,,,,,0.300858423
28.38,,,,,,,,,,0.298950485
28.4,,,,,,,,,,0.297041351
28.42,,,,,,,,,,0.295131029
28.44,,,,,,,,,,0.293219527
28.46,,,,,,,,,,0.291306851
28.48,,,,,,,,,,0.289393011
28.5,,,,,,,,,,0.287478012
28.52,,,,,,,,,,0.285561864
28.54,,,,,,,,,,0.283644574
28.56,,,,,,,,,,0.281726149
28.58,,,,,,,,,,0.279806597
28.6,,,,,,,,,,0.277885926
28.62,,,,,,,,,,0.275964143
28.64,,,,,,,,,,0.274041257
28.66,,,,,,,,,,0.272117274
28.68,,,,,,,,,,0.270192203
28.7,,,,,,,,,,0.268266051
28.72,,,,,,,,,,0.266338826
28.74,,,,,,,,,,0.264410536
28.76,,,,,,,,,,0.262481188
28.78,,,,,,,,,,0.26055079
28.8,,,,,,,,,,0.25861935
28.82,,,,,,,,,,0.256686875
28.84,,,,,,,,,,0.254753374
28.86,,,,,,,,,,0.252818853
28.88,,,,,,,,,,0.250883322
28.9,,,,,,,,,,0.248946787
28.92,,,,,,,,,,0.247009256
28.94,,,,,,,,,,0.245070737
28.96,,,,,,,,,,0.243131238
28.98,,,,,,,,,,0.241190766
29,,,,,,,,,,0.239249329
29.02,,,,,,,,,,0.237306936
29.04,,,,,,,,,,0.235363593
29.06,,,,,,,,,,0.233419309
29.08,,,,,,,,,,0.231474091
29.1,,,,,,,,,,0.229527947
29.12,,,,,,,,,,0.227580885
29.14,,,,,,,,,,0.225632913
29.16,,,,,,,,,,0.223684038
29.18,,,,,,,,,,0.221734269
29.2,,,,,,,,,,0.219783612
29.22,,,,,,,,,,0.217832077
29.24,,,,,,,,,,0.21587967
29.26,,,,,,,,,,0.213926399
29.28,,,,,,,,,,0.211972273
29.3,,,,,,,,,,0.210017299
29.32,,,,,,,,,,0.208061485
29.34,,,,,,,,,,0.206104839
29.36,,,,,,,,,,0.204147368
29.38,,,,,,,,,,0.202189081
29.4,,,,,,,,,,0.200229985
29.42,,,,,,,,,,0.198270088
29.44,,,,,,,,,,0.196309398
29.46,,,,,,,,,,0.194347922
29.48,,,,,,,,,,0.19238567
29.5,,,,,,,,,,0.190422647
29.52,,,,,,,,,,0.188458863
29.54,,,,,,,,,,0.186494326
29.56,,,,,,,,,,0.184529042
29.58,,,,,,,,,,0.18256302
29.6,,,,,,,,,,0.180596268
29.62,,,,,,,,,,0.178628793
29.64,,,,,,,,,,0.176660604
29.66,,,,,,,,,,0.174691709
29.68,,,,,,,,,,0.172722114
29.7,,,,,,,,,,0.170751829
29.72,,,,,,,,,,0.168780861
29.74,,,,,,,,,,0.166809217
29.76,,,,,,,,,,0.164836906
29.78,,,,,,,,,,0.162863936
29.8,,,,,,,,,,0.160890315
29.82,,,,,,,,,,0.15891605
29.84,,,,,,,,,,0.156941149
29.86,,,,,,,,,,0.154965621
29.88,,,,,,,,,,0.152989472
29.9,,,,,,,,,,0.151012712
29.92,,,,,,,,,,0.149035348
29.94,,,,,,,,,,0.147057387
29.96,,,,,,,,,,0.145078839
